"Request__RequestParam__ParameterName","Request__RequestParam__ParameterValue","Results__Statistic","Results__UnitOfMeasure","Results__PublicTable","Results__UTCProductionTime","Results__NoteRef","Results__Dimensions__Name","Results__Dimensions__DataType","Results__Dimensions__IsValue","Results__Data__Code","Results__Data__GeoFips","Results__Data__GeoName","Results__Data__TimePeriod","Results__Data__CL_UNIT","Results__Data__UNIT_MULT","Results__Data__DataValue","Results__Notes__NoteRef","Results__Notes__NoteText"
"USERID","FEEBB598-6971-4200-B8AC-33BB9E56CB0A","Gross domestic product (GDP) by state: All industry total","Millions of current dollars","SAGDP2N Gross domestic product (GDP) by state","2023-11-26T19:57:59.337"," ","Code","string","0","SAGDP2N-1","00000","United States *","2017","Millions of current dollars","6","1.96121e+007","*","For the all industry total, government and government enterprises, federal civilian, and military, the difference between the United States and sum-of-states reflects overseas activity, economic activity taking place outside the borders of the United States by the military and associated federal civilian support staff."
"METHOD","GETDATA","","","","","","GeoFips","string","0","SAGDP2N-1","00000","United States *","2018","Millions of current dollars","6","2.06565e+007"," ","Last updated: September 29, 2023-- revised statistics for 2017-2022."
"DATASETNAME","REGIONAL","","","","","","GeoName","string","0","SAGDP2N-1","00000","United States *","2019","Millions of current dollars","6","2.15214e+007","",""
"TABLENAME","SAGDP2N","","","","","","TimePeriod","string","0","SAGDP2N-1","00000","United States *","2020","Millions of current dollars","6","2.1323e+007","",""
"RESULTFORMAT","JSON","","","","","","DataValue","numeric","1","SAGDP2N-1","00000","United States *","2021","Millions of current dollars","6","2.3594e+007","",""
"LINECODE","1","","","","","","CL_UNIT","string","0","SAGDP2N-1","00000","United States *","2022","Millions of current dollars","6","2.57441e+007","",""
"GEOFIPS","STATE","","","","","","UNIT_MULT","numeric","0","SAGDP2N-1","01000","Alabama","2017","Millions of current dollars","6","216616","",""
"YEAR","ALL","","","","","","","","","SAGDP2N-1","01000","Alabama","2018","Millions of current dollars","6","226264","",""
"","","","","","","","","","","SAGDP2N-1","01000","Alabama","2019","Millions of current dollars","6","234526","",""
"","","","","","","","","","","SAGDP2N-1","01000","Alabama","2020","Millions of current dollars","6","235118","",""
"","","","","","","","","","","SAGDP2N-1","01000","Alabama","2021","Millions of current dollars","6","257987","",""
"","","","","","","","","","","SAGDP2N-1","01000","Alabama","2022","Millions of current dollars","6","281569","",""
"","","","","","","","","","","SAGDP2N-1","02000","Alaska","2017","Millions of current dollars","6","53550.9","",""
"","","","","","","","","","","SAGDP2N-1","02000","Alaska","2018","Millions of current dollars","6","54762","",""
"","","","","","","","","","","SAGDP2N-1","02000","Alaska","2019","Millions of current dollars","6","54469.9","",""
"","","","","","","","","","","SAGDP2N-1","02000","Alaska","2020","Millions of current dollars","6","51261.5","",""
"","","","","","","","","","","SAGDP2N-1","02000","Alaska","2021","Millions of current dollars","6","58646","",""
"","","","","","","","","","","SAGDP2N-1","02000","Alaska","2022","Millions of current dollars","6","65698.8","",""
"","","","","","","","","","","SAGDP2N-1","04000","Arizona","2017","Millions of current dollars","6","333099","",""
"","","","","","","","","","","SAGDP2N-1","04000","Arizona","2018","Millions of current dollars","6","353671","",""
"","","","","","","","","","","SAGDP2N-1","04000","Arizona","2019","Millions of current dollars","6","375545","",""
"","","","","","","","","","","SAGDP2N-1","04000","Arizona","2020","Millions of current dollars","6","386444","",""
"","","","","","","","","","","SAGDP2N-1","04000","Arizona","2021","Millions of current dollars","6","432280","",""
"","","","","","","","","","","SAGDP2N-1","04000","Arizona","2022","Millions of current dollars","6","475654","",""
"","","","","","","","","","","SAGDP2N-1","05000","Arkansas","2017","Millions of current dollars","6","123883","",""
"","","","","","","","","","","SAGDP2N-1","05000","Arkansas","2018","Millions of current dollars","6","129214","",""
"","","","","","","","","","","SAGDP2N-1","05000","Arkansas","2019","Millions of current dollars","6","132637","",""
"","","","","","","","","","","SAGDP2N-1","05000","Arkansas","2020","Millions of current dollars","6","135885","",""
"","","","","","","","","","","SAGDP2N-1","05000","Arkansas","2021","Millions of current dollars","6","151932","",""
"","","","","","","","","","","SAGDP2N-1","05000","Arkansas","2022","Millions of current dollars","6","165989","",""
"","","","","","","","","","","SAGDP2N-1","06000","California","2017","Millions of current dollars","6","2.74055e+006","",""
"","","","","","","","","","","SAGDP2N-1","06000","California","2018","Millions of current dollars","6","2.89953e+006","",""
"","","","","","","","","","","SAGDP2N-1","06000","California","2019","Millions of current dollars","6","3.06216e+006","",""
"","","","","","","","","","","SAGDP2N-1","06000","California","2020","Millions of current dollars","6","3.06881e+006","",""
"","","","","","","","","","","SAGDP2N-1","06000","California","2021","Millions of current dollars","6","3.41694e+006","",""
"","","","","","","","","","","SAGDP2N-1","06000","California","2022","Millions of current dollars","6","3.64164e+006","",""
"","","","","","","","","","","SAGDP2N-1","08000","Colorado","2017","Millions of current dollars","6","350209","",""
"","","","","","","","","","","SAGDP2N-1","08000","Colorado","2018","Millions of current dollars","6","373923","",""
"","","","","","","","","","","SAGDP2N-1","08000","Colorado","2019","Millions of current dollars","6","397702","",""
"","","","","","","","","","","SAGDP2N-1","08000","Colorado","2020","Millions of current dollars","6","397612","",""
"","","","","","","","","","","SAGDP2N-1","08000","Colorado","2021","Millions of current dollars","6","447052","",""
"","","","","","","","","","","SAGDP2N-1","08000","Colorado","2022","Millions of current dollars","6","491289","",""
"","","","","","","","","","","SAGDP2N-1","09000","Connecticut","2017","Millions of current dollars","6","273875","",""
"","","","","","","","","","","SAGDP2N-1","09000","Connecticut","2018","Millions of current dollars","6","280535","",""
"","","","","","","","","","","SAGDP2N-1","09000","Connecticut","2019","Millions of current dollars","6","285466","",""
"","","","","","","","","","","SAGDP2N-1","09000","Connecticut","2020","Millions of current dollars","6","275802","",""
"","","","","","","","","","","SAGDP2N-1","09000","Connecticut","2021","Millions of current dollars","6","295908","",""
"","","","","","","","","","","SAGDP2N-1","09000","Connecticut","2022","Millions of current dollars","6","319345","",""
"","","","","","","","","","","SAGDP2N-1","10000","Delaware","2017","Millions of current dollars","6","69555.6","",""
"","","","","","","","","","","SAGDP2N-1","10000","Delaware","2018","Millions of current dollars","6","73376","",""
"","","","","","","","","","","SAGDP2N-1","10000","Delaware","2019","Millions of current dollars","6","78685.8","",""
"","","","","","","","","","","SAGDP2N-1","10000","Delaware","2020","Millions of current dollars","6","77615.1","",""
"","","","","","","","","","","SAGDP2N-1","10000","Delaware","2021","Millions of current dollars","6","82952.8","",""
"","","","","","","","","","","SAGDP2N-1","10000","Delaware","2022","Millions of current dollars","6","90208.3","",""
"","","","","","","","","","","SAGDP2N-1","11000","District of Columbia","2017","Millions of current dollars","6","134299","",""
"","","","","","","","","","","SAGDP2N-1","11000","District of Columbia","2018","Millions of current dollars","6","141240","",""
"","","","","","","","","","","SAGDP2N-1","11000","District of Columbia","2019","Millions of current dollars","6","145171","",""
"","","","","","","","","","","SAGDP2N-1","11000","District of Columbia","2020","Millions of current dollars","6","146935","",""
"","","","","","","","","","","SAGDP2N-1","11000","District of Columbia","2021","Millions of current dollars","6","156140","",""
"","","","","","","","","","","SAGDP2N-1","11000","District of Columbia","2022","Millions of current dollars","6","165061","",""
"","","","","","","","","","","SAGDP2N-1","12000","Florida","2017","Millions of current dollars","6","1.01487e+006","",""
"","","","","","","","","","","SAGDP2N-1","12000","Florida","2018","Millions of current dollars","6","1.07209e+006","",""
"","","","","","","","","","","SAGDP2N-1","12000","Florida","2019","Millions of current dollars","6","1.12799e+006","",""
"","","","","","","","","","","SAGDP2N-1","12000","Florida","2020","Millions of current dollars","6","1.14013e+006","",""
"","","","","","","","","","","SAGDP2N-1","12000","Florida","2021","Millions of current dollars","6","1.29239e+006","",""
"","","","","","","","","","","SAGDP2N-1","12000","Florida","2022","Millions of current dollars","6","1.43907e+006","",""
"","","","","","","","","","","SAGDP2N-1","13000","Georgia","2017","Millions of current dollars","6","583543","",""
"","","","","","","","","","","SAGDP2N-1","13000","Georgia","2018","Millions of current dollars","6","612803","",""
"","","","","","","","","","","SAGDP2N-1","13000","Georgia","2019","Millions of current dollars","6","646939","",""
"","","","","","","","","","","SAGDP2N-1","13000","Georgia","2020","Millions of current dollars","6","637931","",""
"","","","","","","","","","","SAGDP2N-1","13000","Georgia","2021","Millions of current dollars","6","701606","",""
"","","","","","","","","","","SAGDP2N-1","13000","Georgia","2022","Millions of current dollars","6","767378","",""
"","","","","","","","","","","SAGDP2N-1","15000","Hawaii","2017","Millions of current dollars","6","87436.4","",""
"","","","","","","","","","","SAGDP2N-1","15000","Hawaii","2018","Millions of current dollars","6","90933.5","",""
"","","","","","","","","","","SAGDP2N-1","15000","Hawaii","2019","Millions of current dollars","6","93356.2","",""
"","","","","","","","","","","SAGDP2N-1","15000","Hawaii","2020","Millions of current dollars","6","84615.2","",""
"","","","","","","","","","","SAGDP2N-1","15000","Hawaii","2021","Millions of current dollars","6","93089.8","",""
"","","","","","","","","","","SAGDP2N-1","15000","Hawaii","2022","Millions of current dollars","6","101083","",""
"","","","","","","","","","","SAGDP2N-1","16000","Idaho","2017","Millions of current dollars","6","72935.1","",""
"","","","","","","","","","","SAGDP2N-1","16000","Idaho","2018","Millions of current dollars","6","79072.4","",""
"","","","","","","","","","","SAGDP2N-1","16000","Idaho","2019","Millions of current dollars","6","84550.2","",""
"","","","","","","","","","","SAGDP2N-1","16000","Idaho","2020","Millions of current dollars","6","88187.7","",""
"","","","","","","","","","","SAGDP2N-1","16000","Idaho","2021","Millions of current dollars","6","98792.8","",""
"","","","","","","","","","","SAGDP2N-1","16000","Idaho","2022","Millions of current dollars","6","110871","",""
"","","","","","","","","","","SAGDP2N-1","17000","Illinois","2017","Millions of current dollars","6","832827","",""
"","","","","","","","","","","SAGDP2N-1","17000","Illinois","2018","Millions of current dollars","6","871024","",""
"","","","","","","","","","","SAGDP2N-1","17000","Illinois","2019","Millions of current dollars","6","895800","",""
"","","","","","","","","","","SAGDP2N-1","17000","Illinois","2020","Millions of current dollars","6","860748","",""
"","","","","","","","","","","SAGDP2N-1","17000","Illinois","2021","Millions of current dollars","6","943993","",""
"","","","","","","","","","","SAGDP2N-1","17000","Illinois","2022","Millions of current dollars","6","1.02567e+006","",""
"","","","","","","","","","","SAGDP2N-1","18000","Indiana","2017","Millions of current dollars","6","357536","",""
"","","","","","","","","","","SAGDP2N-1","18000","Indiana","2018","Millions of current dollars","6","377377","",""
"","","","","","","","","","","SAGDP2N-1","18000","Indiana","2019","Millions of current dollars","6","385446","",""
"","","","","","","","","","","SAGDP2N-1","18000","Indiana","2020","Millions of current dollars","6","377901","",""
"","","","","","","","","","","SAGDP2N-1","18000","Indiana","2021","Millions of current dollars","6","422952","",""
"","","","","","","","","","","SAGDP2N-1","18000","Indiana","2022","Millions of current dollars","6","470324","",""
"","","","","","","","","","","SAGDP2N-1","19000","Iowa","2017","Millions of current dollars","6","187125","",""
"","","","","","","","","","","SAGDP2N-1","19000","Iowa","2018","Millions of current dollars","6","193155","",""
"","","","","","","","","","","SAGDP2N-1","19000","Iowa","2019","Millions of current dollars","6","196085","",""
"","","","","","","","","","","SAGDP2N-1","19000","Iowa","2020","Millions of current dollars","6","199447","",""
"","","","","","","","","","","SAGDP2N-1","19000","Iowa","2021","Millions of current dollars","6","220818","",""
"","","","","","","","","","","SAGDP2N-1","19000","Iowa","2022","Millions of current dollars","6","238342","",""
"","","","","","","","","","","SAGDP2N-1","20000","Kansas","2017","Millions of current dollars","6","166274","",""
"","","","","","","","","","","SAGDP2N-1","20000","Kansas","2018","Millions of current dollars","6","173373","",""
"","","","","","","","","","","SAGDP2N-1","20000","Kansas","2019","Millions of current dollars","6","176918","",""
"","","","","","","","","","","SAGDP2N-1","20000","Kansas","2020","Millions of current dollars","6","177721","",""
"","","","","","","","","","","SAGDP2N-1","20000","Kansas","2021","Millions of current dollars","6","191832","",""
"","","","","","","","","","","SAGDP2N-1","20000","Kansas","2022","Millions of current dollars","6","209326","",""
"","","","","","","","","","","SAGDP2N-1","21000","Kentucky","2017","Millions of current dollars","6","203564","",""
"","","","","","","","","","","SAGDP2N-1","21000","Kentucky","2018","Millions of current dollars","6","210509","",""
"","","","","","","","","","","SAGDP2N-1","21000","Kentucky","2019","Millions of current dollars","6","220683","",""
"","","","","","","","","","","SAGDP2N-1","21000","Kentucky","2020","Millions of current dollars","6","218755","",""
"","","","","","","","","","","SAGDP2N-1","21000","Kentucky","2021","Millions of current dollars","6","237926","",""
"","","","","","","","","","","SAGDP2N-1","21000","Kentucky","2022","Millions of current dollars","6","258981","",""
"","","","","","","","","","","SAGDP2N-1","22000","Louisiana","2017","Millions of current dollars","6","239831","",""
"","","","","","","","","","","SAGDP2N-1","22000","Louisiana","2018","Millions of current dollars","6","256444","",""
"","","","","","","","","","","SAGDP2N-1","22000","Louisiana","2019","Millions of current dollars","6","257097","",""
"","","","","","","","","","","SAGDP2N-1","22000","Louisiana","2020","Millions of current dollars","6","236136","",""
"","","","","","","","","","","SAGDP2N-1","22000","Louisiana","2021","Millions of current dollars","6","263163","",""
"","","","","","","","","","","SAGDP2N-1","22000","Louisiana","2022","Millions of current dollars","6","291952","",""
"","","","","","","","","","","SAGDP2N-1","23000","Maine","2017","Millions of current dollars","6","63000.6","",""
"","","","","","","","","","","SAGDP2N-1","23000","Maine","2018","Millions of current dollars","6","66216","",""
"","","","","","","","","","","SAGDP2N-1","23000","Maine","2019","Millions of current dollars","6","69298.2","",""
"","","","","","","","","","","SAGDP2N-1","23000","Maine","2020","Millions of current dollars","6","72091.6","",""
"","","","","","","","","","","SAGDP2N-1","23000","Maine","2021","Millions of current dollars","6","78918.4","",""
"","","","","","","","","","","SAGDP2N-1","23000","Maine","2022","Millions of current dollars","6","85801.2","",""
"","","","","","","","","","","SAGDP2N-1","24000","Maryland","2017","Millions of current dollars","6","399715","",""
"","","","","","","","","","","SAGDP2N-1","24000","Maryland","2018","Millions of current dollars","6","410772","",""
"","","","","","","","","","","SAGDP2N-1","24000","Maryland","2019","Millions of current dollars","6","419448","",""
"","","","","","","","","","","SAGDP2N-1","24000","Maryland","2020","Millions of current dollars","6","413418","",""
"","","","","","","","","","","SAGDP2N-1","24000","Maryland","2021","Millions of current dollars","6","446941","",""
"","","","","","","","","","","SAGDP2N-1","24000","Maryland","2022","Millions of current dollars","6","480113","",""
"","","","","","","","","","","SAGDP2N-1","25000","Massachusetts","2017","Millions of current dollars","6","530129","",""
"","","","","","","","","","","SAGDP2N-1","25000","Massachusetts","2018","Millions of current dollars","6","559605","",""
"","","","","","","","","","","SAGDP2N-1","25000","Massachusetts","2019","Millions of current dollars","6","588618","",""
"","","","","","","","","","","SAGDP2N-1","25000","Massachusetts","2020","Millions of current dollars","6","589033","",""
"","","","","","","","","","","SAGDP2N-1","25000","Massachusetts","2021","Millions of current dollars","6","645434","",""
"","","","","","","","","","","SAGDP2N-1","25000","Massachusetts","2022","Millions of current dollars","6","691461","",""
"","","","","","","","","","","SAGDP2N-1","26000","Michigan","2017","Millions of current dollars","6","505102","",""
"","","","","","","","","","","SAGDP2N-1","26000","Michigan","2018","Millions of current dollars","6","525241","",""
"","","","","","","","","","","SAGDP2N-1","26000","Michigan","2019","Millions of current dollars","6","536976","",""
"","","","","","","","","","","SAGDP2N-1","26000","Michigan","2020","Millions of current dollars","6","530231","",""
"","","","","","","","","","","SAGDP2N-1","26000","Michigan","2021","Millions of current dollars","6","576502","",""
"","","","","","","","","","","SAGDP2N-1","26000","Michigan","2022","Millions of current dollars","6","622563","",""
"","","","","","","","","","","SAGDP2N-1","27000","Minnesota","2017","Millions of current dollars","6","354722","",""
"","","","","","","","","","","SAGDP2N-1","27000","Minnesota","2018","Millions of current dollars","6","372439","",""
"","","","","","","","","","","SAGDP2N-1","27000","Minnesota","2019","Millions of current dollars","6","383962","",""
"","","","","","","","","","","SAGDP2N-1","27000","Minnesota","2020","Millions of current dollars","6","379439","",""
"","","","","","","","","","","SAGDP2N-1","27000","Minnesota","2021","Millions of current dollars","6","413063","",""
"","","","","","","","","","","SAGDP2N-1","27000","Minnesota","2022","Millions of current dollars","6","448032","",""
"","","","","","","","","","","SAGDP2N-1","28000","Mississippi","2017","Millions of current dollars","6","110281","",""
"","","","","","","","","","","SAGDP2N-1","28000","Mississippi","2018","Millions of current dollars","6","113166","",""
"","","","","","","","","","","SAGDP2N-1","28000","Mississippi","2019","Millions of current dollars","6","115442","",""
"","","","","","","","","","","SAGDP2N-1","28000","Mississippi","2020","Millions of current dollars","6","116193","",""
"","","","","","","","","","","SAGDP2N-1","28000","Mississippi","2021","Millions of current dollars","6","128365","",""
"","","","","","","","","","","SAGDP2N-1","28000","Mississippi","2022","Millions of current dollars","6","139976","",""
"","","","","","","","","","","SAGDP2N-1","29000","Missouri","2017","Millions of current dollars","6","311274","",""
"","","","","","","","","","","SAGDP2N-1","29000","Missouri","2018","Millions of current dollars","6","320452","",""
"","","","","","","","","","","SAGDP2N-1","29000","Missouri","2019","Millions of current dollars","6","334365","",""
"","","","","","","","","","","SAGDP2N-1","29000","Missouri","2020","Millions of current dollars","6","335278","",""
"","","","","","","","","","","SAGDP2N-1","29000","Missouri","2021","Millions of current dollars","6","365145","",""
"","","","","","","","","","","SAGDP2N-1","29000","Missouri","2022","Millions of current dollars","6","396890","",""
"","","","","","","","","","","SAGDP2N-1","30000","Montana","2017","Millions of current dollars","6","48470.5","",""
"","","","","","","","","","","SAGDP2N-1","30000","Montana","2018","Millions of current dollars","6","51152.1","",""
"","","","","","","","","","","SAGDP2N-1","30000","Montana","2019","Millions of current dollars","6","52772.5","",""
"","","","","","","","","","","SAGDP2N-1","30000","Montana","2020","Millions of current dollars","6","53130.7","",""
"","","","","","","","","","","SAGDP2N-1","30000","Montana","2021","Millions of current dollars","6","59996.7","",""
"","","","","","","","","","","SAGDP2N-1","30000","Montana","2022","Millions of current dollars","6","67071.9","",""
"","","","","","","","","","","SAGDP2N-1","31000","Nebraska","2017","Millions of current dollars","6","123220","",""
"","","","","","","","","","","SAGDP2N-1","31000","Nebraska","2018","Millions of current dollars","6","127954","",""
"","","","","","","","","","","SAGDP2N-1","31000","Nebraska","2019","Millions of current dollars","6","132741","",""
"","","","","","","","","","","SAGDP2N-1","31000","Nebraska","2020","Millions of current dollars","6","135285","",""
"","","","","","","","","","","SAGDP2N-1","31000","Nebraska","2021","Millions of current dollars","6","149360","",""
"","","","","","","","","","","SAGDP2N-1","31000","Nebraska","2022","Millions of current dollars","6","164934","",""
"","","","","","","","","","","SAGDP2N-1","32000","Nevada","2017","Millions of current dollars","6","163199","",""
"","","","","","","","","","","SAGDP2N-1","32000","Nevada","2018","Millions of current dollars","6","172548","",""
"","","","","","","","","","","SAGDP2N-1","32000","Nevada","2019","Millions of current dollars","6","184344","",""
"","","","","","","","","","","SAGDP2N-1","32000","Nevada","2020","Millions of current dollars","6","175982","",""
"","","","","","","","","","","SAGDP2N-1","32000","Nevada","2021","Millions of current dollars","6","200127","",""
"","","","","","","","","","","SAGDP2N-1","32000","Nevada","2022","Millions of current dollars","6","222939","",""
"","","","","","","","","","","SAGDP2N-1","33000","New Hampshire","2017","Millions of current dollars","6","81179.6","",""
"","","","","","","","","","","SAGDP2N-1","33000","New Hampshire","2018","Millions of current dollars","6","83859.4","",""
"","","","","","","","","","","SAGDP2N-1","33000","New Hampshire","2019","Millions of current dollars","6","87472","",""
"","","","","","","","","","","SAGDP2N-1","33000","New Hampshire","2020","Millions of current dollars","6","88589.4","",""
"","","","","","","","","","","SAGDP2N-1","33000","New Hampshire","2021","Millions of current dollars","6","99100","",""
"","","","","","","","","","","SAGDP2N-1","33000","New Hampshire","2022","Millions of current dollars","6","105025","",""
"","","","","","","","","","","SAGDP2N-1","34000","New Jersey","2017","Millions of current dollars","6","590087","",""
"","","","","","","","","","","SAGDP2N-1","34000","New Jersey","2018","Millions of current dollars","6","619340","",""
"","","","","","","","","","","SAGDP2N-1","34000","New Jersey","2019","Millions of current dollars","6","641878","",""
"","","","","","","","","","","SAGDP2N-1","34000","New Jersey","2020","Millions of current dollars","6","630213","",""
"","","","","","","","","","","SAGDP2N-1","34000","New Jersey","2021","Millions of current dollars","6","692227","",""
"","","","","","","","","","","SAGDP2N-1","34000","New Jersey","2022","Millions of current dollars","6","754948","",""
"","","","","","","","","","","SAGDP2N-1","35000","New Mexico","2017","Millions of current dollars","6","93210.1","",""
"","","","","","","","","","","SAGDP2N-1","35000","New Mexico","2018","Millions of current dollars","6","98838.2","",""
"","","","","","","","","","","SAGDP2N-1","35000","New Mexico","2019","Millions of current dollars","6","103869","",""
"","","","","","","","","","","SAGDP2N-1","35000","New Mexico","2020","Millions of current dollars","6","100435","",""
"","","","","","","","","","","SAGDP2N-1","35000","New Mexico","2021","Millions of current dollars","6","111731","",""
"","","","","","","","","","","SAGDP2N-1","35000","New Mexico","2022","Millions of current dollars","6","125541","",""
"","","","","","","","","","","SAGDP2N-1","36000","New York","2017","Millions of current dollars","6","1.6248e+006","",""
"","","","","","","","","","","SAGDP2N-1","36000","New York","2018","Millions of current dollars","6","1.71067e+006","",""
"","","","","","","","","","","SAGDP2N-1","36000","New York","2019","Millions of current dollars","6","1.79326e+006","",""
"","","","","","","","","","","SAGDP2N-1","36000","New York","2020","Millions of current dollars","6","1.76686e+006","",""
"","","","","","","","","","","SAGDP2N-1","36000","New York","2021","Millions of current dollars","6","1.91135e+006","",""
"","","","","","","","","","","SAGDP2N-1","36000","New York","2022","Millions of current dollars","6","2.0484e+006","",""
"","","","","","","","","","","SAGDP2N-1","37000","North Carolina","2017","Millions of current dollars","6","546810","",""
"","","","","","","","","","","SAGDP2N-1","37000","North Carolina","2018","Millions of current dollars","6","568037","",""
"","","","","","","","","","","SAGDP2N-1","37000","North Carolina","2019","Millions of current dollars","6","593127","",""
"","","","","","","","","","","SAGDP2N-1","37000","North Carolina","2020","Millions of current dollars","6","601149","",""
"","","","","","","","","","","SAGDP2N-1","37000","North Carolina","2021","Millions of current dollars","6","659529","",""
"","","","","","","","","","","SAGDP2N-1","37000","North Carolina","2022","Millions of current dollars","6","715968","",""
"","","","","","","","","","","SAGDP2N-1","38000","North Dakota","2017","Millions of current dollars","6","56530.2","",""
"","","","","","","","","","","SAGDP2N-1","38000","North Dakota","2018","Millions of current dollars","6","60377.1","",""
"","","","","","","","","","","SAGDP2N-1","38000","North Dakota","2019","Millions of current dollars","6","60516.3","",""
"","","","","","","","","","","SAGDP2N-1","38000","North Dakota","2020","Millions of current dollars","6","55347.6","",""
"","","","","","","","","","","SAGDP2N-1","38000","North Dakota","2021","Millions of current dollars","6","63208.6","",""
"","","","","","","","","","","SAGDP2N-1","38000","North Dakota","2022","Millions of current dollars","6","72651.3","",""
"","","","","","","","","","","SAGDP2N-1","39000","Ohio","2017","Millions of current dollars","6","652188","",""
"","","","","","","","","","","SAGDP2N-1","39000","Ohio","2018","Millions of current dollars","6","672540","",""
"","","","","","","","","","","SAGDP2N-1","39000","Ohio","2019","Millions of current dollars","6","703128","",""
"","","","","","","","","","","SAGDP2N-1","39000","Ohio","2020","Millions of current dollars","6","692122","",""
"","","","","","","","","","","SAGDP2N-1","39000","Ohio","2021","Millions of current dollars","6","759626","",""
"","","","","","","","","","","SAGDP2N-1","39000","Ohio","2022","Millions of current dollars","6","825990","",""
"","","","","","","","","","","SAGDP2N-1","40000","Oklahoma","2017","Millions of current dollars","6","192539","",""
"","","","","","","","","","","SAGDP2N-1","40000","Oklahoma","2018","Millions of current dollars","6","204194","",""
"","","","","","","","","","","SAGDP2N-1","40000","Oklahoma","2019","Millions of current dollars","6","205263","",""
"","","","","","","","","","","SAGDP2N-1","40000","Oklahoma","2020","Millions of current dollars","6","191654","",""
"","","","","","","","","","","SAGDP2N-1","40000","Oklahoma","2021","Millions of current dollars","6","217731","",""
"","","","","","","","","","","SAGDP2N-1","40000","Oklahoma","2022","Millions of current dollars","6","242739","",""
"","","","","","","","","","","SAGDP2N-1","41000","Oregon","2017","Millions of current dollars","6","225535","",""
"","","","","","","","","","","SAGDP2N-1","41000","Oregon","2018","Millions of current dollars","6","238467","",""
"","","","","","","","","","","SAGDP2N-1","41000","Oregon","2019","Millions of current dollars","6","248940","",""
"","","","","","","","","","","SAGDP2N-1","41000","Oregon","2020","Millions of current dollars","6","251856","",""
"","","","","","","","","","","SAGDP2N-1","41000","Oregon","2021","Millions of current dollars","6","275444","",""
"","","","","","","","","","","SAGDP2N-1","41000","Oregon","2022","Millions of current dollars","6","297309","",""
"","","","","","","","","","","SAGDP2N-1","42000","Pennsylvania","2017","Millions of current dollars","6","754318","",""
"","","","","","","","","","","SAGDP2N-1","42000","Pennsylvania","2018","Millions of current dollars","6","780621","",""
"","","","","","","","","","","SAGDP2N-1","42000","Pennsylvania","2019","Millions of current dollars","6","803078","",""
"","","","","","","","","","","SAGDP2N-1","42000","Pennsylvania","2020","Millions of current dollars","6","777427","",""
"","","","","","","","","","","SAGDP2N-1","42000","Pennsylvania","2021","Millions of current dollars","6","844392","",""
"","","","","","","","","","","SAGDP2N-1","42000","Pennsylvania","2022","Millions of current dollars","6","911813","",""
"","","","","","","","","","","SAGDP2N-1","44000","Rhode Island","2017","Millions of current dollars","6","58771.6","",""
"","","","","","","","","","","SAGDP2N-1","44000","Rhode Island","2018","Millions of current dollars","6","60064.9","",""
"","","","","","","","","","","SAGDP2N-1","44000","Rhode Island","2019","Millions of current dollars","6","62526.9","",""
"","","","","","","","","","","SAGDP2N-1","44000","Rhode Island","2020","Millions of current dollars","6","62054.2","",""
"","","","","","","","","","","SAGDP2N-1","44000","Rhode Island","2021","Millions of current dollars","6","67236.7","",""
"","","","","","","","","","","SAGDP2N-1","44000","Rhode Island","2022","Millions of current dollars","6","72771.4","",""
"","","","","","","","","","","SAGDP2N-1","45000","South Carolina","2017","Millions of current dollars","6","224938","",""
"","","","","","","","","","","SAGDP2N-1","45000","South Carolina","2018","Millions of current dollars","6","236562","",""
"","","","","","","","","","","SAGDP2N-1","45000","South Carolina","2019","Millions of current dollars","6","248047","",""
"","","","","","","","","","","SAGDP2N-1","45000","South Carolina","2020","Millions of current dollars","6","249482","",""
"","","","","","","","","","","SAGDP2N-1","45000","South Carolina","2021","Millions of current dollars","6","271495","",""
"","","","","","","","","","","SAGDP2N-1","45000","South Carolina","2022","Millions of current dollars","6","297546","",""
"","","","","","","","","","","SAGDP2N-1","46000","South Dakota","2017","Millions of current dollars","6","51615.1","",""
"","","","","","","","","","","SAGDP2N-1","46000","South Dakota","2018","Millions of current dollars","6","53349.5","",""
"","","","","","","","","","","SAGDP2N-1","46000","South Dakota","2019","Millions of current dollars","6","55007.4","",""
"","","","","","","","","","","SAGDP2N-1","46000","South Dakota","2020","Millions of current dollars","6","56162.9","",""
"","","","","","","","","","","SAGDP2N-1","46000","South Dakota","2021","Millions of current dollars","6","62607.1","",""
"","","","","","","","","","","SAGDP2N-1","46000","South Dakota","2022","Millions of current dollars","6","68781.7","",""
"","","","","","","","","","","SAGDP2N-1","47000","Tennessee","2017","Millions of current dollars","6","355418","",""
"","","","","","","","","","","SAGDP2N-1","47000","Tennessee","2018","Millions of current dollars","6","369713","",""
"","","","","","","","","","","SAGDP2N-1","47000","Tennessee","2019","Millions of current dollars","6","385820","",""
"","","","","","","","","","","SAGDP2N-1","47000","Tennessee","2020","Millions of current dollars","6","390173","",""
"","","","","","","","","","","SAGDP2N-1","47000","Tennessee","2021","Millions of current dollars","6","438180","",""
"","","","","","","","","","","SAGDP2N-1","47000","Tennessee","2022","Millions of current dollars","6","485658","",""
"","","","","","","","","","","SAGDP2N-1","48000","Texas","2017","Millions of current dollars","6","1.66731e+006","",""
"","","","","","","","","","","SAGDP2N-1","48000","Texas","2018","Millions of current dollars","6","1.80803e+006","",""
"","","","","","","","","","","SAGDP2N-1","48000","Texas","2019","Millions of current dollars","6","1.86011e+006","",""
"","","","","","","","","","","SAGDP2N-1","48000","Texas","2020","Millions of current dollars","6","1.7986e+006","",""
"","","","","","","","","","","SAGDP2N-1","48000","Texas","2021","Millions of current dollars","6","2.08749e+006","",""
"","","","","","","","","","","SAGDP2N-1","48000","Texas","2022","Millions of current dollars","6","2.40214e+006","",""
"","","","","","","","","","","SAGDP2N-1","49000","Utah","2017","Millions of current dollars","6","172075","",""
"","","","","","","","","","","SAGDP2N-1","49000","Utah","2018","Millions of current dollars","6","186806","",""
"","","","","","","","","","","SAGDP2N-1","49000","Utah","2019","Millions of current dollars","6","201285","",""
"","","","","","","","","","","SAGDP2N-1","49000","Utah","2020","Millions of current dollars","6","205666","",""
"","","","","","","","","","","SAGDP2N-1","49000","Utah","2021","Millions of current dollars","6","232125","",""
"","","","","","","","","","","SAGDP2N-1","49000","Utah","2022","Millions of current dollars","6","256370","",""
"","","","","","","","","","","SAGDP2N-1","50000","Vermont","2017","Millions of current dollars","6","32589.2","",""
"","","","","","","","","","","SAGDP2N-1","50000","Vermont","2018","Millions of current dollars","6","33482.6","",""
"","","","","","","","","","","SAGDP2N-1","50000","Vermont","2019","Millions of current dollars","6","34628.1","",""
"","","","","","","","","","","SAGDP2N-1","50000","Vermont","2020","Millions of current dollars","6","34470.8","",""
"","","","","","","","","","","SAGDP2N-1","50000","Vermont","2021","Millions of current dollars","6","37593.5","",""
"","","","","","","","","","","SAGDP2N-1","50000","Vermont","2022","Millions of current dollars","6","40830.8","",""
"","","","","","","","","","","SAGDP2N-1","51000","Virginia","2017","Millions of current dollars","6","515167","",""
"","","","","","","","","","","SAGDP2N-1","51000","Virginia","2018","Millions of current dollars","6","537158","",""
"","","","","","","","","","","SAGDP2N-1","51000","Virginia","2019","Millions of current dollars","6","561990","",""
"","","","","","","","","","","SAGDP2N-1","51000","Virginia","2020","Millions of current dollars","6","565063","",""
"","","","","","","","","","","SAGDP2N-1","51000","Virginia","2021","Millions of current dollars","6","613920","",""
"","","","","","","","","","","SAGDP2N-1","51000","Virginia","2022","Millions of current dollars","6","663106","",""
"","","","","","","","","","","SAGDP2N-1","53000","Washington","2017","Millions of current dollars","6","527169","",""
"","","","","","","","","","","SAGDP2N-1","53000","Washington","2018","Millions of current dollars","6","570338","",""
"","","","","","","","","","","SAGDP2N-1","53000","Washington","2019","Millions of current dollars","6","608966","",""
"","","","","","","","","","","SAGDP2N-1","53000","Washington","2020","Millions of current dollars","6","621493","",""
"","","","","","","","","","","SAGDP2N-1","53000","Washington","2021","Millions of current dollars","6","688632","",""
"","","","","","","","","","","SAGDP2N-1","53000","Washington","2022","Millions of current dollars","6","738101","",""
"","","","","","","","","","","SAGDP2N-1","54000","West Virginia","2017","Millions of current dollars","6","75172.4","",""
"","","","","","","","","","","SAGDP2N-1","54000","West Virginia","2018","Millions of current dollars","6","79794.3","",""
"","","","","","","","","","","SAGDP2N-1","54000","West Virginia","2019","Millions of current dollars","6","79883.8","",""
"","","","","","","","","","","SAGDP2N-1","54000","West Virginia","2020","Millions of current dollars","6","76975.9","",""
"","","","","","","","","","","SAGDP2N-1","54000","West Virginia","2021","Millions of current dollars","6","86509.9","",""
"","","","","","","","","","","SAGDP2N-1","54000","West Virginia","2022","Millions of current dollars","6","97417.3","",""
"","","","","","","","","","","SAGDP2N-1","55000","Wisconsin","2017","Millions of current dollars","6","321887","",""
"","","","","","","","","","","SAGDP2N-1","55000","Wisconsin","2018","Millions of current dollars","6","335144","",""
"","","","","","","","","","","SAGDP2N-1","55000","Wisconsin","2019","Millions of current dollars","6","347399","",""
"","","","","","","","","","","SAGDP2N-1","55000","Wisconsin","2020","Millions of current dollars","6","343783","",""
"","","","","","","","","","","SAGDP2N-1","55000","Wisconsin","2021","Millions of current dollars","6","369032","",""
"","","","","","","","","","","SAGDP2N-1","55000","Wisconsin","2022","Millions of current dollars","6","396209","",""
"","","","","","","","","","","SAGDP2N-1","56000","Wyoming","2017","Millions of current dollars","6","37620.3","",""
"","","","","","","","","","","SAGDP2N-1","56000","Wyoming","2018","Millions of current dollars","6","39614.5","",""
"","","","","","","","","","","SAGDP2N-1","56000","Wyoming","2019","Millions of current dollars","6","39971.4","",""
"","","","","","","","","","","SAGDP2N-1","56000","Wyoming","2020","Millions of current dollars","6","36675.5","",""
"","","","","","","","","","","SAGDP2N-1","56000","Wyoming","2021","Millions of current dollars","6","42176.2","",""
"","","","","","","","","","","SAGDP2N-1","56000","Wyoming","2022","Millions of current dollars","6","49080.6","",""
"","","","","","","","","","","SAGDP2N-1","91000","New England","2017","Millions of current dollars","6","1.03955e+006","",""
"","","","","","","","","","","SAGDP2N-1","91000","New England","2018","Millions of current dollars","6","1.08376e+006","",""
"","","","","","","","","","","SAGDP2N-1","91000","New England","2019","Millions of current dollars","6","1.12801e+006","",""
"","","","","","","","","","","SAGDP2N-1","91000","New England","2020","Millions of current dollars","6","1.12204e+006","",""
"","","","","","","","","","","SAGDP2N-1","91000","New England","2021","Millions of current dollars","6","1.22419e+006","",""
"","","","","","","","","","","SAGDP2N-1","91000","New England","2022","Millions of current dollars","6","1.31523e+006","",""
"","","","","","","","","","","SAGDP2N-1","92000","Mideast","2017","Millions of current dollars","6","3.57277e+006","",""
"","","","","","","","","","","SAGDP2N-1","92000","Mideast","2018","Millions of current dollars","6","3.73601e+006","",""
"","","","","","","","","","","SAGDP2N-1","92000","Mideast","2019","Millions of current dollars","6","3.88152e+006","",""
"","","","","","","","","","","SAGDP2N-1","92000","Mideast","2020","Millions of current dollars","6","3.81247e+006","",""
"","","","","","","","","","","SAGDP2N-1","92000","Mideast","2021","Millions of current dollars","6","4.134e+006","",""
"","","","","","","","","","","SAGDP2N-1","92000","Mideast","2022","Millions of current dollars","6","4.45055e+006","",""
"","","","","","","","","","","SAGDP2N-1","93000","Great Lakes","2017","Millions of current dollars","6","2.66954e+006","",""
"","","","","","","","","","","SAGDP2N-1","93000","Great Lakes","2018","Millions of current dollars","6","2.78133e+006","",""
"","","","","","","","","","","SAGDP2N-1","93000","Great Lakes","2019","Millions of current dollars","6","2.86875e+006","",""
"","","","","","","","","","","SAGDP2N-1","93000","Great Lakes","2020","Millions of current dollars","6","2.80478e+006","",""
"","","","","","","","","","","SAGDP2N-1","93000","Great Lakes","2021","Millions of current dollars","6","3.07211e+006","",""
"","","","","","","","","","","SAGDP2N-1","93000","Great Lakes","2022","Millions of current dollars","6","3.34075e+006","",""
"","","","","","","","","","","SAGDP2N-1","94000","Plains","2017","Millions of current dollars","6","1.25076e+006","",""
"","","","","","","","","","","SAGDP2N-1","94000","Plains","2018","Millions of current dollars","6","1.3011e+006","",""
"","","","","","","","","","","SAGDP2N-1","94000","Plains","2019","Millions of current dollars","6","1.33959e+006","",""
"","","","","","","","","","","SAGDP2N-1","94000","Plains","2020","Millions of current dollars","6","1.33868e+006","",""
"","","","","","","","","","","SAGDP2N-1","94000","Plains","2021","Millions of current dollars","6","1.46603e+006","",""
"","","","","","","","","","","SAGDP2N-1","94000","Plains","2022","Millions of current dollars","6","1.59896e+006","",""
"","","","","","","","","","","SAGDP2N-1","95000","Southeast","2017","Millions of current dollars","6","4.21009e+006","",""
"","","","","","","","","","","SAGDP2N-1","95000","Southeast","2018","Millions of current dollars","6","4.41175e+006","",""
"","","","","","","","","","","SAGDP2N-1","95000","Southeast","2019","Millions of current dollars","6","4.60418e+006","",""
"","","","","","","","","","","SAGDP2N-1","95000","Southeast","2020","Millions of current dollars","6","4.60299e+006","",""
"","","","","","","","","","","SAGDP2N-1","95000","Southeast","2021","Millions of current dollars","6","5.103e+006","",""
"","","","","","","","","","","SAGDP2N-1","95000","Southeast","2022","Millions of current dollars","6","5.60461e+006","",""
"","","","","","","","","","","SAGDP2N-1","96000","Southwest","2017","Millions of current dollars","6","2.28616e+006","",""
"","","","","","","","","","","SAGDP2N-1","96000","Southwest","2018","Millions of current dollars","6","2.46473e+006","",""
"","","","","","","","","","","SAGDP2N-1","96000","Southwest","2019","Millions of current dollars","6","2.54479e+006","",""
"","","","","","","","","","","SAGDP2N-1","96000","Southwest","2020","Millions of current dollars","6","2.47713e+006","",""
"","","","","","","","","","","SAGDP2N-1","96000","Southwest","2021","Millions of current dollars","6","2.84923e+006","",""
"","","","","","","","","","","SAGDP2N-1","96000","Southwest","2022","Millions of current dollars","6","3.24607e+006","",""
"","","","","","","","","","","SAGDP2N-1","97000","Rocky Mountain","2017","Millions of current dollars","6","681310","",""
"","","","","","","","","","","SAGDP2N-1","97000","Rocky Mountain","2018","Millions of current dollars","6","730568","",""
"","","","","","","","","","","SAGDP2N-1","97000","Rocky Mountain","2019","Millions of current dollars","6","776281","",""
"","","","","","","","","","","SAGDP2N-1","97000","Rocky Mountain","2020","Millions of current dollars","6","781272","",""
"","","","","","","","","","","SAGDP2N-1","97000","Rocky Mountain","2021","Millions of current dollars","6","880143","",""
"","","","","","","","","","","SAGDP2N-1","97000","Rocky Mountain","2022","Millions of current dollars","6","974683","",""
"","","","","","","","","","","SAGDP2N-1","98000","Far West","2017","Millions of current dollars","6","3.79744e+006","",""
"","","","","","","","","","","SAGDP2N-1","98000","Far West","2018","Millions of current dollars","6","4.02658e+006","",""
"","","","","","","","","","","SAGDP2N-1","98000","Far West","2019","Millions of current dollars","6","4.25224e+006","",""
"","","","","","","","","","","SAGDP2N-1","98000","Far West","2020","Millions of current dollars","6","4.25402e+006","",""
"","","","","","","","","","","SAGDP2N-1","98000","Far West","2021","Millions of current dollars","6","4.73288e+006","",""
"","","","","","","","","","","SAGDP2N-1","98000","Far West","2022","Millions of current dollars","6","5.06677e+006","",""
