"metadata__resultset__offset","metadata__resultset__count","metadata__resultset__limit","results__date","results__datatype","results__station","results__attributes","results__value"
"1","9833","1000","2012-01-01T00:00:00","TAVG","GHCND:USC00113455",",K","-1.4"
"","","","2012-01-01T00:00:00","TAVG","GHCND:USC00114355",",7","-1.8"
"","","","2012-01-01T00:00:00","TAVG","GHCND:USC00117391",",7","-1.3"
"","","","2012-01-01T00:00:00","TAVG","GHCND:USC00130112",",7","-1.4"
"","","","2012-01-01T00:00:00","TAVG","GHCND:USC00130133",",7","-5.2"
"","","","2012-01-01T00:00:00","TAVG","GHCND:USC00130149",",7","-1.8"
"","","","2012-01-01T00:00:00","TAVG","GHCND:USC00130157",",7","-4.9"
"","","","2012-01-01T00:00:00","TAVG","GHCND:USC00130200",",7","-1.7"
"","","","2012-01-01T00:00:00","TAVG","GHCND:USC00130203","1,7","-3.3"
"","","","2012-01-01T00:00:00","TAVG","GHCND:USC00130214",",7","-3.8"
"","","","2012-01-01T00:00:00","TAVG","GHCND:USC00130241",",7","-1.9"
"","","","2012-01-01T00:00:00","TAVG","GHCND:USC00130364",",7","-3.1"
"","","","2012-01-01T00:00:00","TAVG","GHCND:USC00130385",",7","-3.7"
"","","","2012-01-01T00:00:00","TAVG","GHCND:USC00130512",",7","-3.9"
"","","","2012-01-01T00:00:00","TAVG","GHCND:USC00130536","2,7","-2.2"
"","","","2012-01-01T00:00:00","TAVG","GHCND:USC00130576",",7","-1.8"
"","","","2012-01-01T00:00:00","TAVG","GHCND:USC00130600",",7","-3.5"
"","","","2012-01-01T00:00:00","TAVG","GHCND:USC00130608","1,K","-3.8"
"","","","2012-01-01T00:00:00","TAVG","GHCND:USC00130753","2,7","-1.5"
"","","","2012-01-01T00:00:00","TAVG","GHCND:USC00130807",",7","-3.3"
"","","","2012-01-01T00:00:00","TAVG","GHCND:USC00130923","5,7","-4.5"
"","","","2012-01-01T00:00:00","TAVG","GHCND:USC00131060","4,7","-0.7"
"","","","2012-01-01T00:00:00","TAVG","GHCND:USC00131233",",7","-3.1"
"","","","2012-01-01T00:00:00","TAVG","GHCND:USC00131257",",7","-4.6"
"","","","2012-01-01T00:00:00","TAVG","GHCND:USC00131277",",7","-2.6"
"","","","2012-01-01T00:00:00","TAVG","GHCND:USC00131319",",7","-2.1"
"","","","2012-01-01T00:00:00","TAVG","GHCND:USC00131354","5,7","-1.3"
"","","","2012-01-01T00:00:00","TAVG","GHCND:USC00131394",",7","-2.4"
"","","","2012-01-01T00:00:00","TAVG","GHCND:USC00131402",",7","-4.8"
"","","","2012-01-01T00:00:00","TAVG","GHCND:USC00131442",",7","-4.3"
"","","","2012-01-01T00:00:00","TAVG","GHCND:USC00131533",",7","-1.7"
"","","","2012-01-01T00:00:00","TAVG","GHCND:USC00131635",",7","-2.1"
"","","","2012-01-01T00:00:00","TAVG","GHCND:USC00131954",",7","-6.1"
"","","","2012-01-01T00:00:00","TAVG","GHCND:USC00131962",",K","-1.9"
"","","","2012-01-01T00:00:00","TAVG","GHCND:USC00132041",",7","-4.3"
"","","","2012-01-01T00:00:00","TAVG","GHCND:USC00132070",",7","-2.4"
"","","","2012-01-01T00:00:00","TAVG","GHCND:USC00132110",",7","-4.6"
"","","","2012-01-01T00:00:00","TAVG","GHCND:USC00132171",",7","-3.6"
"","","","2012-01-01T00:00:00","TAVG","GHCND:USC00132299",",7","-1.1"
"","","","2012-01-01T00:00:00","TAVG","GHCND:USC00132364","1,K","-3.7"
"","","","2012-01-01T00:00:00","TAVG","GHCND:USC00132573",",7","-4.1"
"","","","2012-01-01T00:00:00","TAVG","GHCND:USC00132603",",7","-6.3"
"","","","2012-01-01T00:00:00","TAVG","GHCND:USC00132689","1,7","-4.9"
"","","","2012-01-01T00:00:00","TAVG","GHCND:USC00132724","5,7","-5.1"
"","","","2012-01-01T00:00:00","TAVG","GHCND:USC00132789",",7","-0.4"
"","","","2012-01-01T00:00:00","TAVG","GHCND:USC00132864",",7","-5.2"
"","","","2012-01-01T00:00:00","TAVG","GHCND:USC00132977","1,7","-5.0"
"","","","2012-01-01T00:00:00","TAVG","GHCND:USC00132999","2,7","-4.3"
"","","","2012-01-01T00:00:00","TAVG","GHCND:USC00133007",",7","-0.2"
"","","","2012-01-01T00:00:00","TAVG","GHCND:USC00133288",",7","-1.9"
"","","","2012-01-01T00:00:00","TAVG","GHCND:USC00133438",",K","-2.3"
"","","","2012-01-01T00:00:00","TAVG","GHCND:USC00133473",",7","-3.4"
"","","","2012-01-01T00:00:00","TAVG","GHCND:USC00133487",",7","-4.0"
"","","","2012-01-01T00:00:00","TAVG","GHCND:USC00133509",",7","-3.0"
"","","","2012-01-01T00:00:00","TAVG","GHCND:USC00133517","1,7","-3.5"
"","","","2012-01-01T00:00:00","TAVG","GHCND:USC00133584",",7","-4.3"
"","","","2012-01-01T00:00:00","TAVG","GHCND:USC00133632",",7","-2.7"
"","","","2012-01-01T00:00:00","TAVG","GHCND:USC00133718",",7","-4.2"
"","","","2012-01-01T00:00:00","TAVG","GHCND:USC00133909",",7","-3.3"
"","","","2012-01-01T00:00:00","TAVG","GHCND:USC00134063",",7","-1.8"
"","","","2012-01-01T00:00:00","TAVG","GHCND:USC00134101",",K","-1.0"
"","","","2012-01-01T00:00:00","TAVG","GHCND:USC00134142",",7","-4.3"
"","","","2012-01-01T00:00:00","TAVG","GHCND:USC00134228",",7","-2.9"
"","","","2012-01-01T00:00:00","TAVG","GHCND:USC00134381",",7","-0.5"
"","","","2012-01-01T00:00:00","TAVG","GHCND:USC00134389","1,7","-1.2"
"","","","2012-01-01T00:00:00","TAVG","GHCND:USC00134502",",7","-1.5"
"","","","2012-01-01T00:00:00","TAVG","GHCND:USC00134561",",7","-4.9"
"","","","2012-01-01T00:00:00","TAVG","GHCND:USC00134585",",7","-1.1"
"","","","2012-01-01T00:00:00","TAVG","GHCND:USC00134705",",K","-2.3"
"","","","2012-01-01T00:00:00","TAVG","GHCND:USC00134735",",7","-3.6"
"","","","2012-01-01T00:00:00","TAVG","GHCND:USC00134758",",7","-1.9"
"","","","2012-01-01T00:00:00","TAVG","GHCND:USC00134874",",7","-2.8"
"","","","2012-01-01T00:00:00","TAVG","GHCND:USC00134894",",7","-2.5"
"","","","2012-01-01T00:00:00","TAVG","GHCND:USC00134963",",K","-3.9"
"","","","2012-01-01T00:00:00","TAVG","GHCND:USC00135086",",7","-5.2"
"","","","2012-01-01T00:00:00","TAVG","GHCND:USC00135123",",7","-3.5"
"","","","2012-01-01T00:00:00","TAVG","GHCND:USC00135131",",7","-4.7"
"","","","2012-01-01T00:00:00","TAVG","GHCND:USC00135198",",K","-3.7"
"","","","2012-01-01T00:00:00","TAVG","GHCND:USC00135230","1,7","-5.2"
"","","","2012-01-01T00:00:00","TAVG","GHCND:USC00135493",",7","-5.1"
"","","","2012-01-01T00:00:00","TAVG","GHCND:USC00135769","1,K","-2.2"
"","","","2012-01-01T00:00:00","TAVG","GHCND:USC00135796",",K","-2.3"
"","","","2012-01-01T00:00:00","TAVG","GHCND:USC00135837","1,K","-1.3"
"","","","2012-01-01T00:00:00","TAVG","GHCND:USC00135844",",K","-1.7"
"","","","2012-01-01T00:00:00","TAVG","GHCND:USC00135952","1,7","-5.6"
"","","","2012-01-01T00:00:00","TAVG","GHCND:USC00135992",",7","-3.0"
"","","","2012-01-01T00:00:00","TAVG","GHCND:USC00136103",",7","-5.1"
"","","","2012-01-01T00:00:00","TAVG","GHCND:USC00136151",",7","-2.3"
"","","","2012-01-01T00:00:00","TAVG","GHCND:USC00136199",",7","-5.3"
"","","","2012-01-01T00:00:00","TAVG","GHCND:USC00136305",",7","-5.4"
"","","","2012-01-01T00:00:00","TAVG","GHCND:USC00136316",",7","-1.9"
"","","","2012-01-01T00:00:00","TAVG","GHCND:USC00136327",",7","-1.9"
"","","","2012-01-01T00:00:00","TAVG","GHCND:USC00136719",",K","-4.1"
"","","","2012-01-01T00:00:00","TAVG","GHCND:USC00136766",",7","-5.3"
"","","","2012-01-01T00:00:00","TAVG","GHCND:USC00136800",",7","-3.7"
"","","","2012-01-01T00:00:00","TAVG","GHCND:USC00136940",",7","-1.6"
"","","","2012-01-01T00:00:00","TAVG","GHCND:USC00137147","1,7","-5.5"
"","","","2012-01-01T00:00:00","TAVG","GHCND:USC00137161","1,7","-3.4"
"","","","2012-01-01T00:00:00","TAVG","GHCND:USC00137312",",7","-4.1"
"","","","2012-01-01T00:00:00","TAVG","GHCND:USC00137386",",7","-5.4"
"","","","2012-01-01T00:00:00","TAVG","GHCND:USC00137594",",7","-5.4"
"","","","2012-01-01T00:00:00","TAVG","GHCND:USC00137613",",7","-1.1"
"","","","2012-01-01T00:00:00","TAVG","GHCND:USC00137664","1,7","-6.4"
"","","","2012-01-01T00:00:00","TAVG","GHCND:USC00137669",",7","-0.5"
"","","","2012-01-01T00:00:00","TAVG","GHCND:USC00137678",",K","-2.5"
"","","","2012-01-01T00:00:00","TAVG","GHCND:USC00137700",",7","-2.7"
"","","","2012-01-01T00:00:00","TAVG","GHCND:USC00137702",",7","-2.7"
"","","","2012-01-01T00:00:00","TAVG","GHCND:USC00137726",",7","-4.2"
"","","","2012-01-01T00:00:00","TAVG","GHCND:USC00137844",",7","-4.9"
"","","","2012-01-01T00:00:00","TAVG","GHCND:USC00137859",",7","-4.5"
"","","","2012-01-01T00:00:00","TAVG","GHCND:USC00137892",",7","-5.4"
"","","","2012-01-01T00:00:00","TAVG","GHCND:USC00137979",",7","-5.2"
"","","","2012-01-01T00:00:00","TAVG","GHCND:USC00138296",",7","-4.0"
"","","","2012-01-01T00:00:00","TAVG","GHCND:USC00138339",",7","-5.1"
"","","","2012-01-01T00:00:00","TAVG","GHCND:USC00138568",",K","-2.8"
"","","","2012-01-01T00:00:00","TAVG","GHCND:USC00138688","2,7","-3.1"
"","","","2012-01-01T00:00:00","TAVG","GHCND:USC00138755","1,7","-5.6"
"","","","2012-01-01T00:00:00","TAVG","GHCND:USC00138806",",7","-3.8"
"","","","2012-01-01T00:00:00","TAVG","GHCND:USC00139067",",7","-3.5"
"","","","2012-01-01T00:00:00","TAVG","GHCND:USC00139132",",7","-2.3"
"","","","2012-01-01T00:00:00","TAVG","GHCND:USC00255810",",7","1.0"
"","","","2012-01-01T00:00:00","TAVG","GHCND:USC00474937",",7","-3.2"
"","","","2012-01-01T00:00:00","TAVG","GHCND:USR0000IDES","2,U","0.0"
"","","","2012-01-01T00:00:00","TAVG","GHCND:USR0000INEA",",U","-1.4"
"","","","2012-01-01T00:00:00","TAVG","GHCND:USW00014931",",X","-0.8"
"","","","2012-01-01T00:00:00","TAVG","GHCND:USW00014933",",X","-0.8"
"","","","2012-01-01T00:00:00","TAVG","GHCND:USW00014937",",W","-2.2"
"","","","2012-01-01T00:00:00","TAVG","GHCND:USW00014940",",X","-5.1"
"","","","2012-01-01T00:00:00","TAVG","GHCND:USW00014943",",X","-2.7"
"","","","2012-01-01T00:00:00","TAVG","GHCND:USW00014950",",X","-1.4"
"","","","2012-01-01T00:00:00","TAVG","GHCND:USW00014972",",W","-4.6"
"","","","2012-01-01T00:00:00","TAVG","GHCND:USW00014990",",X","-3.5"
"","","","2012-01-01T00:00:00","TAVG","GHCND:USW00054902",",R","-1.7"
"","","","2012-01-01T00:00:00","TAVG","GHCND:USW00094908",",X","-4.5"
"","","","2012-01-01T00:00:00","TAVG","GHCND:USW00094910",",X","-4.5"
"","","","2012-01-01T00:00:00","TAVG","GHCND:USW00094971",",W","-4.8"
"","","","2012-01-01T00:00:00","TAVG","GHCND:USW00094982",",W","-2.4"
"","","","2012-01-01T00:00:00","TAVG","GHCND:USW00094988",",W","-3.3"
"","","","2012-01-01T00:00:00","TAVG","GHCND:USW00094989",",W","-2.6"
"","","","2012-01-01T00:00:00","TAVG","GHCND:USW00094991","1,A","-0.7"
"","","","2012-02-01T00:00:00","TAVG","GHCND:USC00113455","1,K","0.8"
"","","","2012-02-01T00:00:00","TAVG","GHCND:USC00114355",",7","0.0"
"","","","2012-02-01T00:00:00","TAVG","GHCND:USC00117391","1,7","0.2"
"","","","2012-02-01T00:00:00","TAVG","GHCND:USC00130112",",7","-0.2"
"","","","2012-02-01T00:00:00","TAVG","GHCND:USC00130133",",7","-3.0"
"","","","2012-02-01T00:00:00","TAVG","GHCND:USC00130149",",7","0.0"
"","","","2012-02-01T00:00:00","TAVG","GHCND:USC00130157",",7","-2.0"
"","","","2012-02-01T00:00:00","TAVG","GHCND:USC00130200",",7","-0.9"
"","","","2012-02-01T00:00:00","TAVG","GHCND:USC00130203","2,7","-1.8"
"","","","2012-02-01T00:00:00","TAVG","GHCND:USC00130214",",7","-0.9"
"","","","2012-02-01T00:00:00","TAVG","GHCND:USC00130241",",7","-0.9"
"","","","2012-02-01T00:00:00","TAVG","GHCND:USC00130364",",7","-3.0"
"","","","2012-02-01T00:00:00","TAVG","GHCND:USC00130385","1,7","-3.5"
"","","","2012-02-01T00:00:00","TAVG","GHCND:USC00130512",",7","-3.6"
"","","","2012-02-01T00:00:00","TAVG","GHCND:USC00130576",",7","-0.7"
"","","","2012-02-01T00:00:00","TAVG","GHCND:USC00130600",",7","-1.4"
"","","","2012-02-01T00:00:00","TAVG","GHCND:USC00130608","1,K","-1.0"
"","","","2012-02-01T00:00:00","TAVG","GHCND:USC00130753","3,7","0.3"
"","","","2012-02-01T00:00:00","TAVG","GHCND:USC00130807","1,7","-1.9"
"","","","2012-02-01T00:00:00","TAVG","GHCND:USC00131060",",7","1.2"
"","","","2012-02-01T00:00:00","TAVG","GHCND:USC00131233",",7","-2.6"
"","","","2012-02-01T00:00:00","TAVG","GHCND:USC00131257",",7","-1.4"
"","","","2012-02-01T00:00:00","TAVG","GHCND:USC00131277",",7","-2.5"
"","","","2012-02-01T00:00:00","TAVG","GHCND:USC00131319",",7","-0.4"
"","","","2012-02-01T00:00:00","TAVG","GHCND:USC00131394","3,7","-0.8"
"","","","2012-02-01T00:00:00","TAVG","GHCND:USC00131402",",7","-2.3"
"","","","2012-02-01T00:00:00","TAVG","GHCND:USC00131442",",7","-3.6"
"","","","2012-02-01T00:00:00","TAVG","GHCND:USC00131533",",7","-0.6"
"","","","2012-02-01T00:00:00","TAVG","GHCND:USC00131635",",7","-0.4"
"","","","2012-02-01T00:00:00","TAVG","GHCND:USC00131705",",7","-2.1"
"","","","2012-02-01T00:00:00","TAVG","GHCND:USC00131954",",7","-2.7"
"","","","2012-02-01T00:00:00","TAVG","GHCND:USC00131962",",7","-1.8"
"","","","2012-02-01T00:00:00","TAVG","GHCND:USC00132041",",7","-2.3"
"","","","2012-02-01T00:00:00","TAVG","GHCND:USC00132070",",7","-0.8"
"","","","2012-02-01T00:00:00","TAVG","GHCND:USC00132110",",7","-1.5"
"","","","2012-02-01T00:00:00","TAVG","GHCND:USC00132171",",7","-3.4"
"","","","2012-02-01T00:00:00","TAVG","GHCND:USC00132209",",7","-0.9"
"","","","2012-02-01T00:00:00","TAVG","GHCND:USC00132299",",7","1.0"
"","","","2012-02-01T00:00:00","TAVG","GHCND:USC00132573",",7","-2.1"
"","","","2012-02-01T00:00:00","TAVG","GHCND:USC00132603",",7","-2.7"
"","","","2012-02-01T00:00:00","TAVG","GHCND:USC00132689",",7","-2.9"
"","","","2012-02-01T00:00:00","TAVG","GHCND:USC00132724","2,7","-3.7"
"","","","2012-02-01T00:00:00","TAVG","GHCND:USC00132789",",7","0.9"
"","","","2012-02-01T00:00:00","TAVG","GHCND:USC00132864",",7","-2.3"
"","","","2012-02-01T00:00:00","TAVG","GHCND:USC00132977","1,7","-3.1"
"","","","2012-02-01T00:00:00","TAVG","GHCND:USC00132999",",7","-2.5"
"","","","2012-02-01T00:00:00","TAVG","GHCND:USC00133007",",7","1.9"
"","","","2012-02-01T00:00:00","TAVG","GHCND:USC00133288",",7","-1.5"
"","","","2012-02-01T00:00:00","TAVG","GHCND:USC00133438",",K","-1.8"
"","","","2012-02-01T00:00:00","TAVG","GHCND:USC00133473",",7","-1.9"
"","","","2012-02-01T00:00:00","TAVG","GHCND:USC00133487",",7","-1.3"
"","","","2012-02-01T00:00:00","TAVG","GHCND:USC00133509","2,7","-3.2"
"","","","2012-02-01T00:00:00","TAVG","GHCND:USC00133517",",7","-1.0"
"","","","2012-02-01T00:00:00","TAVG","GHCND:USC00133584","3,7","-2.1"
"","","","2012-02-01T00:00:00","TAVG","GHCND:USC00133632",",7","-3.0"
"","","","2012-02-01T00:00:00","TAVG","GHCND:USC00133718",",7","-3.2"
"","","","2012-02-01T00:00:00","TAVG","GHCND:USC00133909",",7","-2.7"
"","","","2012-02-01T00:00:00","TAVG","GHCND:USC00134063","2,7","-1.4"
"","","","2012-02-01T00:00:00","TAVG","GHCND:USC00134101",",K","1.0"
"","","","2012-02-01T00:00:00","TAVG","GHCND:USC00134142","2,7","-1.8"
"","","","2012-02-01T00:00:00","TAVG","GHCND:USC00134228",",7","-2.3"
"","","","2012-02-01T00:00:00","TAVG","GHCND:USC00134381",",7","2.0"
"","","","2012-02-01T00:00:00","TAVG","GHCND:USC00134389",",7","0.9"
"","","","2012-02-01T00:00:00","TAVG","GHCND:USC00134502",",7","-0.4"
"","","","2012-02-01T00:00:00","TAVG","GHCND:USC00134561",",7","-3.4"
"","","","2012-02-01T00:00:00","TAVG","GHCND:USC00134585",",7","0.5"
"","","","2012-02-01T00:00:00","TAVG","GHCND:USC00134705","1,K","0.0"
"","","","2012-02-01T00:00:00","TAVG","GHCND:USC00134735",",7","-3.2"
"","","","2012-02-01T00:00:00","TAVG","GHCND:USC00134758",",7","-0.1"
"","","","2012-02-01T00:00:00","TAVG","GHCND:USC00134874",",7","-4.1"
"","","","2012-02-01T00:00:00","TAVG","GHCND:USC00134894",",7","-2.8"
"","","","2012-02-01T00:00:00","TAVG","GHCND:USC00134963",",K","-1.9"
"","","","2012-02-01T00:00:00","TAVG","GHCND:USC00135086",",7","-2.2"
"","","","2012-02-01T00:00:00","TAVG","GHCND:USC00135123",",7","-3.2"
"","","","2012-02-01T00:00:00","TAVG","GHCND:USC00135131",",7","-1.9"
"","","","2012-02-01T00:00:00","TAVG","GHCND:USC00135198",",K","-1.4"
"","","","2012-02-01T00:00:00","TAVG","GHCND:USC00135230",",7","-2.3"
"","","","2012-02-01T00:00:00","TAVG","GHCND:USC00135493",",7","-3.2"
"","","","2012-02-01T00:00:00","TAVG","GHCND:USC00135796",",K","0.3"
"","","","2012-02-01T00:00:00","TAVG","GHCND:USC00135837",",K","0.6"
"","","","2012-02-01T00:00:00","TAVG","GHCND:USC00135844",",K","0.1"
"","","","2012-02-01T00:00:00","TAVG","GHCND:USC00135952",",7","-3.0"
"","","","2012-02-01T00:00:00","TAVG","GHCND:USC00135992",",7","-1.4"
"","","","2012-02-01T00:00:00","TAVG","GHCND:USC00136103",",7","-2.7"
"","","","2012-02-01T00:00:00","TAVG","GHCND:USC00136151",",7","-2.1"
"","","","2012-02-01T00:00:00","TAVG","GHCND:USC00136199",",7","-2.7"
"","","","2012-02-01T00:00:00","TAVG","GHCND:USC00136305",",7","-2.4"
"","","","2012-02-01T00:00:00","TAVG","GHCND:USC00136316",",7","-0.9"
"","","","2012-02-01T00:00:00","TAVG","GHCND:USC00136327","5,7","-0.1"
"","","","2012-02-01T00:00:00","TAVG","GHCND:USC00136566","4,7","-1.4"
"","","","2012-02-01T00:00:00","TAVG","GHCND:USC00136719","1,K","-2.9"
"","","","2012-02-01T00:00:00","TAVG","GHCND:USC00136766",",7","-2.4"
"","","","2012-02-01T00:00:00","TAVG","GHCND:USC00136800",",7","-3.4"
"","","","2012-02-01T00:00:00","TAVG","GHCND:USC00136940",",7","-1.0"
"","","","2012-02-01T00:00:00","TAVG","GHCND:USC00137147","1,7","-3.4"
"","","","2012-02-01T00:00:00","TAVG","GHCND:USC00137161","1,7","-2.5"
"","","","2012-02-01T00:00:00","TAVG","GHCND:USC00137312",",7","-3.3"
"","","","2012-02-01T00:00:00","TAVG","GHCND:USC00137386",",7","-4.5"
"","","","2012-02-01T00:00:00","TAVG","GHCND:USC00137594",",7","-4.3"
"","","","2012-02-01T00:00:00","TAVG","GHCND:USC00137613",",7","-0.1"
"","","","2012-02-01T00:00:00","TAVG","GHCND:USC00137664",",7","-4.9"
"","","","2012-02-01T00:00:00","TAVG","GHCND:USC00137669",",7","-0.5"
"","","","2012-02-01T00:00:00","TAVG","GHCND:USC00137678",",K","-0.7"
"","","","2012-02-01T00:00:00","TAVG","GHCND:USC00137700",",7","-2.6"
"","","","2012-02-01T00:00:00","TAVG","GHCND:USC00137702",",7","-2.8"
"","","","2012-02-01T00:00:00","TAVG","GHCND:USC00137844",",7","-3.6"
"","","","2012-02-01T00:00:00","TAVG","GHCND:USC00137859",",7","-3.5"
"","","","2012-02-01T00:00:00","TAVG","GHCND:USC00137892",",7","-2.2"
"","","","2012-02-01T00:00:00","TAVG","GHCND:USC00137979",",7","-4.6"
"","","","2012-02-01T00:00:00","TAVG","GHCND:USC00138026","2,7","-3.0"
"","","","2012-02-01T00:00:00","TAVG","GHCND:USC00138296",",7","-1.7"
"","","","2012-02-01T00:00:00","TAVG","GHCND:USC00138339",",7","-2.5"
"","","","2012-02-01T00:00:00","TAVG","GHCND:USC00138568",",K","-1.1"
"","","","2012-02-01T00:00:00","TAVG","GHCND:USC00138688","1,7","-0.5"
"","","","2012-02-01T00:00:00","TAVG","GHCND:USC00138755",",7","-2.8"
"","","","2012-02-01T00:00:00","TAVG","GHCND:USC00138806",",7","-1.8"
"","","","2012-02-01T00:00:00","TAVG","GHCND:USC00139067",",7","-1.3"
"","","","2012-02-01T00:00:00","TAVG","GHCND:USC00139132",",7","-2.5"
"","","","2012-02-01T00:00:00","TAVG","GHCND:USC00255810",",7","0.7"
"","","","2012-02-01T00:00:00","TAVG","GHCND:USC00474937",",7","-1.0"
"","","","2012-02-01T00:00:00","TAVG","GHCND:USR0000INEA","2,U","-0.4"
"","","","2012-02-01T00:00:00","TAVG","GHCND:USW00014931",",X","1.2"
"","","","2012-02-01T00:00:00","TAVG","GHCND:USW00014933",",X","0.3"
"","","","2012-02-01T00:00:00","TAVG","GHCND:USW00014937","1,W","-0.6"
"","","","2012-02-01T00:00:00","TAVG","GHCND:USW00014940",",X","-2.3"
"","","","2012-02-01T00:00:00","TAVG","GHCND:USW00014943",",X","-2.0"
"","","","2012-02-01T00:00:00","TAVG","GHCND:USW00014950",",X","0.2"
"","","","2012-02-01T00:00:00","TAVG","GHCND:USW00014972","1,W","-3.5"
"","","","2012-02-01T00:00:00","TAVG","GHCND:USW00014990",",X","-1.6"
"","","","2012-02-01T00:00:00","TAVG","GHCND:USW00054902",",R","-0.8"
"","","","2012-02-01T00:00:00","TAVG","GHCND:USW00094908",",X","-2.2"
"","","","2012-02-01T00:00:00","TAVG","GHCND:USW00094910",",X","-1.6"
"","","","2012-02-01T00:00:00","TAVG","GHCND:USW00094971","1,W","-3.3"
"","","","2012-02-01T00:00:00","TAVG","GHCND:USW00094982","1,W","-0.8"
"","","","2012-02-01T00:00:00","TAVG","GHCND:USW00094988","1,W","-1.3"
"","","","2012-02-01T00:00:00","TAVG","GHCND:USW00094989","1,W","-1.2"
"","","","2012-02-01T00:00:00","TAVG","GHCND:USW00094991",",A","0.5"
"","","","2012-03-01T00:00:00","TAVG","GHCND:USC00113455",",7","11.9"
"","","","2012-03-01T00:00:00","TAVG","GHCND:USC00114355",",7","11.6"
"","","","2012-03-01T00:00:00","TAVG","GHCND:USC00117391",",7","12.3"
"","","","2012-03-01T00:00:00","TAVG","GHCND:USC00130112",",7","11.8"
"","","","2012-03-01T00:00:00","TAVG","GHCND:USC00130133",",7","8.9"
"","","","2012-03-01T00:00:00","TAVG","GHCND:USC00130149",",7","11.5"
"","","","2012-03-01T00:00:00","TAVG","GHCND:USC00130157","2,7","9.8"
"","","","2012-03-01T00:00:00","TAVG","GHCND:USC00130200",",7","11.5"
"","","","2012-03-01T00:00:00","TAVG","GHCND:USC00130203","2,7","9.8"
"","","","2012-03-01T00:00:00","TAVG","GHCND:USC00130214",",7","10.4"
"","","","2012-03-01T00:00:00","TAVG","GHCND:USC00130241",",7","11.1"
"","","","2012-03-01T00:00:00","TAVG","GHCND:USC00130364","1,7","11.2"
"","","","2012-03-01T00:00:00","TAVG","GHCND:USC00130385",",7","10.2"
"","","","2012-03-01T00:00:00","TAVG","GHCND:USC00130512",",7","9.7"
"","","","2012-03-01T00:00:00","TAVG","GHCND:USC00130536","1,7","11.3"
"","","","2012-03-01T00:00:00","TAVG","GHCND:USC00130576","1,7","12.4"
"","","","2012-03-01T00:00:00","TAVG","GHCND:USC00130600",",7","10.3"
"","","","2012-03-01T00:00:00","TAVG","GHCND:USC00130608","1,K","10.8"
"","","","2012-03-01T00:00:00","TAVG","GHCND:USC00130753","1,7","12.1"
"","","","2012-03-01T00:00:00","TAVG","GHCND:USC00130807",",7","10.2"
"","","","2012-03-01T00:00:00","TAVG","GHCND:USC00131060",",7","12.1"
"","","","2012-03-01T00:00:00","TAVG","GHCND:USC00131233",",7","10.4"
"","","","2012-03-01T00:00:00","TAVG","GHCND:USC00131257","1,7","10.0"
"","","","2012-03-01T00:00:00","TAVG","GHCND:USC00131277",",7","11.2"
"","","","2012-03-01T00:00:00","TAVG","GHCND:USC00131319",",7","12.4"
"","","","2012-03-01T00:00:00","TAVG","GHCND:USC00131394","2,7","11.2"
"","","","2012-03-01T00:00:00","TAVG","GHCND:USC00131402",",7","9.9"
"","","","2012-03-01T00:00:00","TAVG","GHCND:USC00131442",",7","9.6"
"","","","2012-03-01T00:00:00","TAVG","GHCND:USC00131533",",7","11.8"
"","","","2012-03-01T00:00:00","TAVG","GHCND:USC00131635",",7","12.2"
"","","","2012-03-01T00:00:00","TAVG","GHCND:USC00131705",",7","9.5"
"","","","2012-03-01T00:00:00","TAVG","GHCND:USC00131954",",7","8.9"
"","","","2012-03-01T00:00:00","TAVG","GHCND:USC00131962",",7","11.1"
"","","","2012-03-01T00:00:00","TAVG","GHCND:USC00132041","1,7","9.6"
"","","","2012-03-01T00:00:00","TAVG","GHCND:USC00132070","1,7","11.4"
"","","","2012-03-01T00:00:00","TAVG","GHCND:USC00132110",",7","10.5"
"","","","2012-03-01T00:00:00","TAVG","GHCND:USC00132171",",7","9.9"
"","","","2012-03-01T00:00:00","TAVG","GHCND:USC00132209",",7","12.1"
"","","","2012-03-01T00:00:00","TAVG","GHCND:USC00132299",",7","12.1"
"","","","2012-03-01T00:00:00","TAVG","GHCND:USC00132364",",7","11.0"
"","","","2012-03-01T00:00:00","TAVG","GHCND:USC00132573",",7","9.6"
"","","","2012-03-01T00:00:00","TAVG","GHCND:USC00132603","3,7","8.6"
"","","","2012-03-01T00:00:00","TAVG","GHCND:USC00132689","1,7","9.2"
"","","","2012-03-01T00:00:00","TAVG","GHCND:USC00132724","5,7","8.9"
"","","","2012-03-01T00:00:00","TAVG","GHCND:USC00132789","1,7","13.0"
"","","","2012-03-01T00:00:00","TAVG","GHCND:USC00132864",",7","9.4"
"","","","2012-03-01T00:00:00","TAVG","GHCND:USC00132977",",7","8.7"
"","","","2012-03-01T00:00:00","TAVG","GHCND:USC00132999","2,7","9.4"
"","","","2012-03-01T00:00:00","TAVG","GHCND:USC00133007",",7","12.8"
"","","","2012-03-01T00:00:00","TAVG","GHCND:USC00133288",",7","11.6"
"","","","2012-03-01T00:00:00","TAVG","GHCND:USC00133438",",K","11.7"
"","","","2012-03-01T00:00:00","TAVG","GHCND:USC00133473",",7","9.7"
"","","","2012-03-01T00:00:00","TAVG","GHCND:USC00133487","1,7","9.9"
"","","","2012-03-01T00:00:00","TAVG","GHCND:USC00133509","4,7","11.0"
"","","","2012-03-01T00:00:00","TAVG","GHCND:USC00133517",",7","11.1"
"","","","2012-03-01T00:00:00","TAVG","GHCND:USC00133584",",7","9.6"
"","","","2012-03-01T00:00:00","TAVG","GHCND:USC00133632","1,7","11.3"
"","","","2012-03-01T00:00:00","TAVG","GHCND:USC00133718",",7","9.5"
"","","","2012-03-01T00:00:00","TAVG","GHCND:USC00133909",",7","11.1"
"","","","2012-03-01T00:00:00","TAVG","GHCND:USC00134063",",7","11.5"
"","","","2012-03-01T00:00:00","TAVG","GHCND:USC00134101",",K","12.8"
"","","","2012-03-01T00:00:00","TAVG","GHCND:USC00134142","4,7","8.9"
"","","","2012-03-01T00:00:00","TAVG","GHCND:USC00134228",",7","10.4"
"","","","2012-03-01T00:00:00","TAVG","GHCND:USC00134381",",7","12.9"
"","","","2012-03-01T00:00:00","TAVG","GHCND:USC00134389","1,7","12.4"
"","","","2012-03-01T00:00:00","TAVG","GHCND:USC00134502","2,7","11.5"
"","","","2012-03-01T00:00:00","TAVG","GHCND:USC00134561",",7","9.0"
"","","","2012-03-01T00:00:00","TAVG","GHCND:USC00134585","1,7","12.6"
"","","","2012-03-01T00:00:00","TAVG","GHCND:USC00134705",",K","11.2"
"","","","2012-03-01T00:00:00","TAVG","GHCND:USC00134735",",7","10.4"
"","","","2012-03-01T00:00:00","TAVG","GHCND:USC00134758","1,7","11.8"
"","","","2012-03-01T00:00:00","TAVG","GHCND:USC00134874",",7","10.8"
"","","","2012-03-01T00:00:00","TAVG","GHCND:USC00134894",",7","11.3"
"","","","2012-03-01T00:00:00","TAVG","GHCND:USC00134963",",K","11.0"
"","","","2012-03-01T00:00:00","TAVG","GHCND:USC00135086",",7","9.3"
"","","","2012-03-01T00:00:00","TAVG","GHCND:USC00135123",",7","10.3"
"","","","2012-03-01T00:00:00","TAVG","GHCND:USC00135131",",7","9.6"
"","","","2012-03-01T00:00:00","TAVG","GHCND:USC00135198","1,K","10.1"
"","","","2012-03-01T00:00:00","TAVG","GHCND:USC00135230","1,7","9.4"
"","","","2012-03-01T00:00:00","TAVG","GHCND:USC00135493",",7","9.1"
"","","","2012-03-01T00:00:00","TAVG","GHCND:USC00135769","1,7","11.6"
"","","","2012-03-01T00:00:00","TAVG","GHCND:USC00135796",",7","11.0"
"","","","2012-03-01T00:00:00","TAVG","GHCND:USC00135837","1,K","12.7"
"","","","2012-03-01T00:00:00","TAVG","GHCND:USC00135844",",K","11.7"
"","","","2012-03-01T00:00:00","TAVG","GHCND:USC00135952","1,7","8.3"
"","","","2012-03-01T00:00:00","TAVG","GHCND:USC00135992",",7","10.4"
"","","","2012-03-01T00:00:00","TAVG","GHCND:USC00136103",",7","8.5"
"","","","2012-03-01T00:00:00","TAVG","GHCND:USC00136151",",7","11.6"
"","","","2012-03-01T00:00:00","TAVG","GHCND:USC00136199",",7","9.2"
"","","","2012-03-01T00:00:00","TAVG","GHCND:USC00136305",",7","8.9"
"","","","2012-03-01T00:00:00","TAVG","GHCND:USC00136316","4,7","10.8"
"","","","2012-03-01T00:00:00","TAVG","GHCND:USC00136327","5,7","11.1"
"","","","2012-03-01T00:00:00","TAVG","GHCND:USC00136719","1,K","9.6"
"","","","2012-03-01T00:00:00","TAVG","GHCND:USC00136766",",7","9.6"
"","","","2012-03-01T00:00:00","TAVG","GHCND:USC00136800",",7","10.9"
"","","","2012-03-01T00:00:00","TAVG","GHCND:USC00136940",",7","12.3"
"","","","2012-03-01T00:00:00","TAVG","GHCND:USC00137147",",7","8.8"
"","","","2012-03-01T00:00:00","TAVG","GHCND:USC00137161",",7","10.1"
"","","","2012-03-01T00:00:00","TAVG","GHCND:USC00137312",",7","9.4"
"","","","2012-03-01T00:00:00","TAVG","GHCND:USC00137386",",7","8.6"
"","","","2012-03-01T00:00:00","TAVG","GHCND:USC00137594",",7","8.8"
"","","","2012-03-01T00:00:00","TAVG","GHCND:USC00137613",",7","12.9"
"","","","2012-03-01T00:00:00","TAVG","GHCND:USC00137664","3,7","7.9"
"","","","2012-03-01T00:00:00","TAVG","GHCND:USC00137669",",7","12.7"
"","","","2012-03-01T00:00:00","TAVG","GHCND:USC00137678",",K","10.8"
"","","","2012-03-01T00:00:00","TAVG","GHCND:USC00137700",",7","11.0"
"","","","2012-03-01T00:00:00","TAVG","GHCND:USC00137702","1,7","10.2"
"","","","2012-03-01T00:00:00","TAVG","GHCND:USC00137726",",7","10.0"
"","","","2012-03-01T00:00:00","TAVG","GHCND:USC00137844",",7","9.7"
"","","","2012-03-01T00:00:00","TAVG","GHCND:USC00137859",",7","9.0"
"","","","2012-03-01T00:00:00","TAVG","GHCND:USC00137892",",7","9.5"
"","","","2012-03-01T00:00:00","TAVG","GHCND:USC00137979",",7","9.8"
"","","","2012-03-01T00:00:00","TAVG","GHCND:USC00138026","5,7","7.9"
"","","","2012-03-01T00:00:00","TAVG","GHCND:USC00138296",",7","9.9"
"","","","2012-03-01T00:00:00","TAVG","GHCND:USC00138339",",7","9.3"
"","","","2012-03-01T00:00:00","TAVG","GHCND:USC00138568",",K","11.7"
"","","","2012-03-01T00:00:00","TAVG","GHCND:USC00138688",",7","11.0"
"","","","2012-03-01T00:00:00","TAVG","GHCND:USC00138755","2,7","8.2"
"","","","2012-03-01T00:00:00","TAVG","GHCND:USC00138806",",7","9.3"
"","","","2012-03-01T00:00:00","TAVG","GHCND:USC00139067",",7","10.5"
"","","","2012-03-01T00:00:00","TAVG","GHCND:USC00139132","1,7","10.4"
"","","","2012-03-01T00:00:00","TAVG","GHCND:USC00255810","1,7","14.9"
"","","","2012-03-01T00:00:00","TAVG","GHCND:USC00474937",",7","10.9"
"","","","2012-03-01T00:00:00","TAVG","GHCND:USR0000IDES",",U","13.7"
"","","","2012-03-01T00:00:00","TAVG","GHCND:USR0000INEA",",U","12.1"
"","","","2012-03-01T00:00:00","TAVG","GHCND:USW00014931",",X","12.6"
"","","","2012-03-01T00:00:00","TAVG","GHCND:USW00014933",",X","13.1"
"","","","2012-03-01T00:00:00","TAVG","GHCND:USW00014937",",W","11.4"
"","","","2012-03-01T00:00:00","TAVG","GHCND:USW00014940",",X","9.4"
"","","","2012-03-01T00:00:00","TAVG","GHCND:USW00014943",",X","11.8"
"","","","2012-03-01T00:00:00","TAVG","GHCND:USW00014950",",X","11.9"
"","","","2012-03-01T00:00:00","TAVG","GHCND:USW00014972",",W","9.7"
"","","","2012-03-01T00:00:00","TAVG","GHCND:USW00014990",",X","10.7"
"","","","2012-03-01T00:00:00","TAVG","GHCND:USW00054902",",R","11.9"
"","","","2012-03-01T00:00:00","TAVG","GHCND:USW00094908",",X","10.1"
"","","","2012-03-01T00:00:00","TAVG","GHCND:USW00094910",",X","10.6"
"","","","2012-03-01T00:00:00","TAVG","GHCND:USW00094971",",W","9.1"
"","","","2012-03-01T00:00:00","TAVG","GHCND:USW00094982",",W","11.6"
"","","","2012-03-01T00:00:00","TAVG","GHCND:USW00094988",",W","10.8"
"","","","2012-03-01T00:00:00","TAVG","GHCND:USW00094989",",W","11.1"
"","","","2012-03-01T00:00:00","TAVG","GHCND:USW00094991",",W","13.0"
"","","","2012-04-01T00:00:00","TAVG","GHCND:USC00113455",",7","12.7"
"","","","2012-04-01T00:00:00","TAVG","GHCND:USC00114355",",7","11.7"
"","","","2012-04-01T00:00:00","TAVG","GHCND:USC00117391",",7","11.9"
"","","","2012-04-01T00:00:00","TAVG","GHCND:USC00130112","1,7","11.7"
"","","","2012-04-01T00:00:00","TAVG","GHCND:USC00130133",",7","10.0"
"","","","2012-04-01T00:00:00","TAVG","GHCND:USC00130149",",7","11.9"
"","","","2012-04-01T00:00:00","TAVG","GHCND:USC00130157",",7","9.8"
"","","","2012-04-01T00:00:00","TAVG","GHCND:USC00130200",",7","12.5"
"","","","2012-04-01T00:00:00","TAVG","GHCND:USC00130203",",7","11.1"
"","","","2012-04-01T00:00:00","TAVG","GHCND:USC00130214",",7","10.2"
"","","","2012-04-01T00:00:00","TAVG","GHCND:USC00130241","2,7","12.4"
"","","","2012-04-01T00:00:00","TAVG","GHCND:USC00130364",",7","12.4"
"","","","2012-04-01T00:00:00","TAVG","GHCND:USC00130385",",7","11.4"
"","","","2012-04-01T00:00:00","TAVG","GHCND:USC00130512",",7","11.6"
"","","","2012-04-01T00:00:00","TAVG","GHCND:USC00130576",",7","13.0"
"","","","2012-04-01T00:00:00","TAVG","GHCND:USC00130600",",7","10.6"
"","","","2012-04-01T00:00:00","TAVG","GHCND:USC00130608","1,K","9.5"
"","","","2012-04-01T00:00:00","TAVG","GHCND:USC00130753",",7","12.3"
"","","","2012-04-01T00:00:00","TAVG","GHCND:USC00130807",",7","11.3"
"","","","2012-04-01T00:00:00","TAVG","GHCND:USC00131060","1,7","12.3"
"","","","2012-04-01T00:00:00","TAVG","GHCND:USC00131233",",7","11.5"
"","","","2012-04-01T00:00:00","TAVG","GHCND:USC00131257",",7","9.5"
"","","","2012-04-01T00:00:00","TAVG","GHCND:USC00131277","1,7","11.9"
"","","","2012-04-01T00:00:00","TAVG","GHCND:USC00131319",",7","11.9"
"","","","2012-04-01T00:00:00","TAVG","GHCND:USC00131354","5,7","12.7"
"","","","2012-04-01T00:00:00","TAVG","GHCND:USC00131402",",7","10.0"
"","","","2012-04-01T00:00:00","TAVG","GHCND:USC00131442",",7","10.8"
"","","","2012-04-01T00:00:00","TAVG","GHCND:USC00131533",",7","13.1"
"","","","2012-04-01T00:00:00","TAVG","GHCND:USC00131635",",7","11.6"
"","","","2012-04-01T00:00:00","TAVG","GHCND:USC00131705",",7","9.2"
"","","","2012-04-01T00:00:00","TAVG","GHCND:USC00131954",",7","8.6"
"","","","2012-04-01T00:00:00","TAVG","GHCND:USC00131962",",7","12.1"
"","","","2012-04-01T00:00:00","TAVG","GHCND:USC00132041","1,7","10.6"
"","","","2012-04-01T00:00:00","TAVG","GHCND:USC00132070",",7","10.9"
"","","","2012-04-01T00:00:00","TAVG","GHCND:USC00132110",",7","10.2"
"","","","2012-04-01T00:00:00","TAVG","GHCND:USC00132171",",7","11.0"
"","","","2012-04-01T00:00:00","TAVG","GHCND:USC00132209",",7","12.4"
"","","","2012-04-01T00:00:00","TAVG","GHCND:USC00132299",",7","12.6"
"","","","2012-04-01T00:00:00","TAVG","GHCND:USC00132364",",7","10.3"
"","","","2012-04-01T00:00:00","TAVG","GHCND:USC00132573",",7","9.9"
"","","","2012-04-01T00:00:00","TAVG","GHCND:USC00132603",",7","8.1"
"","","","2012-04-01T00:00:00","TAVG","GHCND:USC00132689","1,7","10.6"
"","","","2012-04-01T00:00:00","TAVG","GHCND:USC00132724","4,7","9.6"
"","","","2012-04-01T00:00:00","TAVG","GHCND:USC00132789",",7","13.1"
"","","","2012-04-01T00:00:00","TAVG","GHCND:USC00132864",",7","9.2"
"","","","2012-04-01T00:00:00","TAVG","GHCND:USC00132977",",7","9.0"
"","","","2012-04-01T00:00:00","TAVG","GHCND:USC00132999","2,7","10.4"
"","","","2012-04-01T00:00:00","TAVG","GHCND:USC00133007",",7","13.5"
"","","","2012-04-01T00:00:00","TAVG","GHCND:USC00133288",",7","13.1"
"","","","2012-04-01T00:00:00","TAVG","GHCND:USC00133438","2,K","12.1"
"","","","2012-04-01T00:00:00","TAVG","GHCND:USC00133473",",7","10.1"
"","","","2012-04-01T00:00:00","TAVG","GHCND:USC00133487",",7","10.3"
"","","","2012-04-01T00:00:00","TAVG","GHCND:USC00133509",",7","11.9"
"","","","2012-04-01T00:00:00","TAVG","GHCND:USC00133517",",7","10.7"
"","","","2012-04-01T00:00:00","TAVG","GHCND:USC00133584",",7","9.9"
"","","","2012-04-01T00:00:00","TAVG","GHCND:USC00133632","1,7","12.3"
"","","","2012-04-01T00:00:00","TAVG","GHCND:USC00133718",",7","11.9"
"","","","2012-04-01T00:00:00","TAVG","GHCND:USC00133909",",7","12.0"
"","","","2012-04-01T00:00:00","TAVG","GHCND:USC00134063",",7","12.1"
"","","","2012-04-01T00:00:00","TAVG","GHCND:USC00134101",",K","12.8"
"","","","2012-04-01T00:00:00","TAVG","GHCND:USC00134142","2,7","9.9"
"","","","2012-04-01T00:00:00","TAVG","GHCND:USC00134228",",7","11.6"
"","","","2012-04-01T00:00:00","TAVG","GHCND:USC00134381",",7","13.0"
"","","","2012-04-01T00:00:00","TAVG","GHCND:USC00134389",",7","12.5"
"","","","2012-04-01T00:00:00","TAVG","GHCND:USC00134502",",7","12.1"
"","","","2012-04-01T00:00:00","TAVG","GHCND:USC00134561",",7","11.3"
"","","","2012-04-01T00:00:00","TAVG","GHCND:USC00134585",",7","12.8"
"","","","2012-04-01T00:00:00","TAVG","GHCND:USC00134705",",K","11.2"
"","","","2012-04-01T00:00:00","TAVG","GHCND:USC00134735","2,7","12.1"
"","","","2012-04-01T00:00:00","TAVG","GHCND:USC00134758",",7","12.0"
"","","","2012-04-01T00:00:00","TAVG","GHCND:USC00134874",",7","12.4"
"","","","2012-04-01T00:00:00","TAVG","GHCND:USC00134894",",7","12.6"
"","","","2012-04-01T00:00:00","TAVG","GHCND:USC00134963",",K","10.6"
"","","","2012-04-01T00:00:00","TAVG","GHCND:USC00135086",",7","9.0"
"","","","2012-04-01T00:00:00","TAVG","GHCND:USC00135123",",7","11.4"
"","","","2012-04-01T00:00:00","TAVG","GHCND:USC00135131",",7","9.3"
"","","","2012-04-01T00:00:00","TAVG","GHCND:USC00135198","2,7","10.7"
"","","","2012-04-01T00:00:00","TAVG","GHCND:USC00135230",",7","9.1"
"","","","2012-04-01T00:00:00","TAVG","GHCND:USC00135493",",7","10.2"
"","","","2012-04-01T00:00:00","TAVG","GHCND:USC00135769",",7","12.2"
"","","","2012-04-01T00:00:00","TAVG","GHCND:USC00135796",",7","11.3"
"","","","2012-04-01T00:00:00","TAVG","GHCND:USC00135837",",K","12.6"
"","","","2012-04-01T00:00:00","TAVG","GHCND:USC00135844",",7","11.5"
"","","","2012-04-01T00:00:00","TAVG","GHCND:USC00135952",",7","8.4"
"","","","2012-04-01T00:00:00","TAVG","GHCND:USC00135992",",7","11.4"
"","","","2012-04-01T00:00:00","TAVG","GHCND:USC00136103",",7","9.1"
"","","","2012-04-01T00:00:00","TAVG","GHCND:USC00136151",",7","12.8"
"","","","2012-04-01T00:00:00","TAVG","GHCND:USC00136199",",7","9.0"
"","","","2012-04-01T00:00:00","TAVG","GHCND:USC00136305",",7","8.9"
"","","","2012-04-01T00:00:00","TAVG","GHCND:USC00136316",",7","12.0"
"","","","2012-04-01T00:00:00","TAVG","GHCND:USC00136327","1,7","11.6"
"","","","2012-04-01T00:00:00","TAVG","GHCND:USC00136719",",7","11.1"
"","","","2012-04-01T00:00:00","TAVG","GHCND:USC00136766",",7","8.8"
"","","","2012-04-01T00:00:00","TAVG","GHCND:USC00136800",",7","12.1"
"","","","2012-04-01T00:00:00","TAVG","GHCND:USC00136940",",7","13.4"
"","","","2012-04-01T00:00:00","TAVG","GHCND:USC00137147",",7","10.7"
"","","","2012-04-01T00:00:00","TAVG","GHCND:USC00137161",",7","11.3"
"","","","2012-04-01T00:00:00","TAVG","GHCND:USC00137312",",7","10.7"
"","","","2012-04-01T00:00:00","TAVG","GHCND:USC00137386",",7","10.1"
"","","","2012-04-01T00:00:00","TAVG","GHCND:USC00137594",",7","10.1"
"","","","2012-04-01T00:00:00","TAVG","GHCND:USC00137613",",7","13.9"
"","","","2012-04-01T00:00:00","TAVG","GHCND:USC00137664",",7","10.1"
"","","","2012-04-01T00:00:00","TAVG","GHCND:USC00137669",",7","13.9"
"","","","2012-04-01T00:00:00","TAVG","GHCND:USC00137678",",K","11.2"
"","","","2012-04-01T00:00:00","TAVG","GHCND:USC00137700",",7","13.0"
"","","","2012-04-01T00:00:00","TAVG","GHCND:USC00137702","3,7","12.7"
"","","","2012-04-01T00:00:00","TAVG","GHCND:USC00137726",",7","11.4"
"","","","2012-04-01T00:00:00","TAVG","GHCND:USC00137844",",7","10.4"
"","","","2012-04-01T00:00:00","TAVG","GHCND:USC00137859",",7","10.6"
"","","","2012-04-01T00:00:00","TAVG","GHCND:USC00137892","1,7","9.3"
"","","","2012-04-01T00:00:00","TAVG","GHCND:USC00137979",",7","11.7"
"","","","2012-04-01T00:00:00","TAVG","GHCND:USC00138026","5,7","9.7"
"","","","2012-04-01T00:00:00","TAVG","GHCND:USC00138296",",7","10.1"
"","","","2012-04-01T00:00:00","TAVG","GHCND:USC00138339","1,7","9.1"
"","","","2012-04-01T00:00:00","TAVG","GHCND:USC00138568",",K","11.7"
"","","","2012-04-01T00:00:00","TAVG","GHCND:USC00138688","1,7","11.6"
"","","","2012-04-01T00:00:00","TAVG","GHCND:USC00138755",",7","8.2"
"","","","2012-04-01T00:00:00","TAVG","GHCND:USC00138806",",7","10.1"
"","","","2012-04-01T00:00:00","TAVG","GHCND:USC00139067",",7","10.4"
"","","","2012-04-01T00:00:00","TAVG","GHCND:USC00139132","1,7","11.5"
"","","","2012-04-01T00:00:00","TAVG","GHCND:USC00255810","2,7","15.3"
"","","","2012-04-01T00:00:00","TAVG","GHCND:USC00474937","1,7","10.8"
"","","","2012-04-01T00:00:00","TAVG","GHCND:USR0000IDES",",U","14.2"
"","","","2012-04-01T00:00:00","TAVG","GHCND:USR0000INEA",",U","12.4"
"","","","2012-04-01T00:00:00","TAVG","GHCND:USW00014931",",X","12.8"
"","","","2012-04-01T00:00:00","TAVG","GHCND:USW00014933",",X","13.4"
"","","","2012-04-01T00:00:00","TAVG","GHCND:USW00014937",",W","11.4"
"","","","2012-04-01T00:00:00","TAVG","GHCND:USW00014940",",X","9.7"
"","","","2012-04-01T00:00:00","TAVG","GHCND:USW00014943",",X","12.5"
"","","","2012-04-01T00:00:00","TAVG","GHCND:USW00014950",",X","11.9"
"","","","2012-04-01T00:00:00","TAVG","GHCND:USW00014972",",W","10.8"
"","","","2012-04-01T00:00:00","TAVG","GHCND:USW00014990",",X","10.5"
"","","","2012-04-01T00:00:00","TAVG","GHCND:USW00054902",",R","12.0"
"","","","2012-04-01T00:00:00","TAVG","GHCND:USW00094908",",X","9.4"
"","","","2012-04-01T00:00:00","TAVG","GHCND:USW00094910",",X","10.3"
"","","","2012-04-01T00:00:00","TAVG","GHCND:USW00094971",",W","10.2"
"","","","2012-04-01T00:00:00","TAVG","GHCND:USW00094982",",W","11.1"
"","","","2012-04-01T00:00:00","TAVG","GHCND:USW00094988",",W","11.2"
"","","","2012-04-01T00:00:00","TAVG","GHCND:USW00094989",",W","11.8"
"","","","2012-04-01T00:00:00","TAVG","GHCND:USW00094991",",W","12.9"
"","","","2012-05-01T00:00:00","TAVG","GHCND:USC00113455","2,7","19.6"
"","","","2012-05-01T00:00:00","TAVG","GHCND:USC00114355",",7","19.3"
"","","","2012-05-01T00:00:00","TAVG","GHCND:USC00117391",",7","19.4"
"","","","2012-05-01T00:00:00","TAVG","GHCND:USC00130112",",7","19.0"
"","","","2012-05-01T00:00:00","TAVG","GHCND:USC00130133",",7","17.3"
"","","","2012-05-01T00:00:00","TAVG","GHCND:USC00130149","4,7","18.6"
"","","","2012-05-01T00:00:00","TAVG","GHCND:USC00130157","1,7","17.8"
"","","","2012-05-01T00:00:00","TAVG","GHCND:USC00130200",",7","19.5"
"","","","2012-05-01T00:00:00","TAVG","GHCND:USC00130203","1,7","17.9"
"","","","2012-05-01T00:00:00","TAVG","GHCND:USC00130214",",7","17.9"
"","","","2012-05-01T00:00:00","TAVG","GHCND:USC00130241","4,7","19.8"
"","","","2012-05-01T00:00:00","TAVG","GHCND:USC00130364",",7","18.6"
"","","","2012-05-01T00:00:00","TAVG","GHCND:USC00130385","2,7","17.6"
"","","","2012-05-01T00:00:00","TAVG","GHCND:USC00130512",",7","18.3"
"","","","2012-05-01T00:00:00","TAVG","GHCND:USC00130536","1,7","18.2"
"","","","2012-05-01T00:00:00","TAVG","GHCND:USC00130576",",7","19.5"
"","","","2012-05-01T00:00:00","TAVG","GHCND:USC00130600",",7","17.8"
"","","","2012-05-01T00:00:00","TAVG","GHCND:USC00130608","1,7","17.6"
"","","","2012-05-01T00:00:00","TAVG","GHCND:USC00130753",",7","19.3"
"","","","2012-05-01T00:00:00","TAVG","GHCND:USC00130807",",7","18.3"
"","","","2012-05-01T00:00:00","TAVG","GHCND:USC00131060","1,7","19.5"
"","","","2012-05-01T00:00:00","TAVG","GHCND:USC00131233",",7","18.3"
"","","","2012-05-01T00:00:00","TAVG","GHCND:USC00131257",",7","18.0"
"","","","2012-05-01T00:00:00","TAVG","GHCND:USC00131277",",7","18.2"
"","","","2012-05-01T00:00:00","TAVG","GHCND:USC00131319",",7","19.7"
"","","","2012-05-01T00:00:00","TAVG","GHCND:USC00131402",",7","17.4"
"","","","2012-05-01T00:00:00","TAVG","GHCND:USC00131442",",7","17.6"
"","","","2012-05-01T00:00:00","TAVG","GHCND:USC00131533",",7","19.3"
"","","","2012-05-01T00:00:00","TAVG","GHCND:USC00131635",",7","19.5"
"","","","2012-05-01T00:00:00","TAVG","GHCND:USC00131705","3,7","16.9"
"","","","2012-05-01T00:00:00","TAVG","GHCND:USC00131954",",7","16.9"
"","","","2012-05-01T00:00:00","TAVG","GHCND:USC00131962","1,7","18.6"
"","","","2012-05-01T00:00:00","TAVG","GHCND:USC00132041","1,7","18.2"
"","","","2012-05-01T00:00:00","TAVG","GHCND:USC00132070",",7","18.8"
"","","","2012-05-01T00:00:00","TAVG","GHCND:USC00132110",",7","18.0"
"","","","2012-05-01T00:00:00","TAVG","GHCND:USC00132171",",7","17.4"
"","","","2012-05-01T00:00:00","TAVG","GHCND:USC00132209",",7","19.1"
"","","","2012-05-01T00:00:00","TAVG","GHCND:USC00132299",",7","19.8"
"","","","2012-05-01T00:00:00","TAVG","GHCND:USC00132364",",7","18.8"
"","","","2012-05-01T00:00:00","TAVG","GHCND:USC00132573","2,7","18.0"
"","","","2012-05-01T00:00:00","TAVG","GHCND:USC00132603",",7","16.1"
"","","","2012-05-01T00:00:00","TAVG","GHCND:USC00132689",",7","17.9"
"","","","2012-05-01T00:00:00","TAVG","GHCND:USC00132789","3,7","20.5"
"","","","2012-05-01T00:00:00","TAVG","GHCND:USC00132864",",7","17.5"
"","","","2012-05-01T00:00:00","TAVG","GHCND:USC00132977","1,7","17.1"
"","","","2012-05-01T00:00:00","TAVG","GHCND:USC00132999","1,7","17.1"
"","","","2012-05-01T00:00:00","TAVG","GHCND:USC00133007",",7","20.4"
"","","","2012-05-01T00:00:00","TAVG","GHCND:USC00133288",",7","18.9"
"","","","2012-05-01T00:00:00","TAVG","GHCND:USC00133438",",K","18.9"
"","","","2012-05-01T00:00:00","TAVG","GHCND:USC00133473",",7","17.8"
"","","","2012-05-01T00:00:00","TAVG","GHCND:USC00133487",",7","18.5"
"","","","2012-05-01T00:00:00","TAVG","GHCND:USC00133509","1,7","18.8"
"","","","2012-05-01T00:00:00","TAVG","GHCND:USC00133517",",7","18.8"
"","","","2012-05-01T00:00:00","TAVG","GHCND:USC00133584",",7","18.1"
"","","","2012-05-01T00:00:00","TAVG","GHCND:USC00133632","3,7","18.3"
"","","","2012-05-01T00:00:00","TAVG","GHCND:USC00133718",",7","17.4"
"","","","2012-05-01T00:00:00","TAVG","GHCND:USC00133909",",7","18.1"
"","","","2012-05-01T00:00:00","TAVG","GHCND:USC00134063",",7","18.9"
"","","","2012-05-01T00:00:00","TAVG","GHCND:USC00134101",",K","20.6"
"","","","2012-05-01T00:00:00","TAVG","GHCND:USC00134142",",7","17.6"
"","","","2012-05-01T00:00:00","TAVG","GHCND:USC00134228",",7","18.7"
"","","","2012-05-01T00:00:00","TAVG","GHCND:USC00134381",",7","20.2"
"","","","2012-05-01T00:00:00","TAVG","GHCND:USC00134389",",7","19.9"
"","","","2012-05-01T00:00:00","TAVG","GHCND:USC00134561",",7","18.6"
"","","","2012-05-01T00:00:00","TAVG","GHCND:USC00134585","2,7","19.4"
"","","","2012-05-01T00:00:00","TAVG","GHCND:USC00134705",",K","18.9"
"","","","2012-05-01T00:00:00","TAVG","GHCND:USC00134735",",7","18.3"
"","","","2012-05-01T00:00:00","TAVG","GHCND:USC00134758","2,7","18.3"
"","","","2012-05-01T00:00:00","TAVG","GHCND:USC00134874","1,7","18.6"
"","","","2012-05-01T00:00:00","TAVG","GHCND:USC00134894",",7","18.9"
"","","","2012-05-01T00:00:00","TAVG","GHCND:USC00134963",",K","18.7"
"","","","2012-05-01T00:00:00","TAVG","GHCND:USC00135086",",7","17.6"
"","","","2012-05-01T00:00:00","TAVG","GHCND:USC00135123",",7","17.7"
"","","","2012-05-01T00:00:00","TAVG","GHCND:USC00135131",",7","17.5"
"","","","2012-05-01T00:00:00","TAVG","GHCND:USC00135198",",K","18.1"
"","","","2012-05-01T00:00:00","TAVG","GHCND:USC00135230",",7","17.1"
"","","","2012-05-01T00:00:00","TAVG","GHCND:USC00135493",",7","17.6"
"","","","2012-05-01T00:00:00","TAVG","GHCND:USC00135769","1,7","18.6"
"","","","2012-05-01T00:00:00","TAVG","GHCND:USC00135796",",7","18.5"
"","","","2012-05-01T00:00:00","TAVG","GHCND:USC00135837",",K","20.6"
"","","","2012-05-01T00:00:00","TAVG","GHCND:USC00135844","1,K","19.1"
"","","","2012-05-01T00:00:00","TAVG","GHCND:USC00135952","2,7","16.9"
"","","","2012-05-01T00:00:00","TAVG","GHCND:USC00135992",",7","18.9"
"","","","2012-05-01T00:00:00","TAVG","GHCND:USC00136103","2,7","16.8"
"","","","2012-05-01T00:00:00","TAVG","GHCND:USC00136199",",7","17.4"
"","","","2012-05-01T00:00:00","TAVG","GHCND:USC00136305",",7","17.3"
"","","","2012-05-01T00:00:00","TAVG","GHCND:USC00136316","2,7","18.8"
"","","","2012-05-01T00:00:00","TAVG","GHCND:USC00136327","1,7","19.0"
"","","","2012-05-01T00:00:00","TAVG","GHCND:USC00136719",",K","18.7"
"","","","2012-05-01T00:00:00","TAVG","GHCND:USC00136766",",7","17.7"
"","","","2012-05-01T00:00:00","TAVG","GHCND:USC00136800",",7","19.0"
"","","","2012-05-01T00:00:00","TAVG","GHCND:USC00136910",",K","19.4"
"","","","2012-05-01T00:00:00","TAVG","GHCND:USC00136940",",7","19.8"
"","","","2012-05-01T00:00:00","TAVG","GHCND:USC00137147",",7","17.2"
"","","","2012-05-01T00:00:00","TAVG","GHCND:USC00137161",",7","18.3"
"","","","2012-05-01T00:00:00","TAVG","GHCND:USC00137312","2,7","17.6"
"","","","2012-05-01T00:00:00","TAVG","GHCND:USC00137386","1,7","17.0"
"","","","2012-05-01T00:00:00","TAVG","GHCND:USC00137594",",7","17.1"
"","","","2012-05-01T00:00:00","TAVG","GHCND:USC00137613",",7","20.5"
"","","","2012-05-01T00:00:00","TAVG","GHCND:USC00137664",",7","16.8"
"","","","2012-05-01T00:00:00","TAVG","GHCND:USC00137669",",7","19.9"
"","","","2012-05-01T00:00:00","TAVG","GHCND:USC00137678",",K","18.3"
"","","","2012-05-01T00:00:00","TAVG","GHCND:USC00137700",",7","18.9"
"","","","2012-05-01T00:00:00","TAVG","GHCND:USC00137702",",7","18.3"
"","","","2012-05-01T00:00:00","TAVG","GHCND:USC00137726",",7","17.6"
"","","","2012-05-01T00:00:00","TAVG","GHCND:USC00137844","1,7","17.6"
"","","","2012-05-01T00:00:00","TAVG","GHCND:USC00137859",",7","17.9"
"","","","2012-05-01T00:00:00","TAVG","GHCND:USC00137892",",7","17.5"
"","","","2012-05-01T00:00:00","TAVG","GHCND:USC00137979",",7","18.0"
"","","","2012-05-01T00:00:00","TAVG","GHCND:USC00138026","2,7","17.1"
"","","","2012-05-01T00:00:00","TAVG","GHCND:USC00138296",",7","17.8"
"","","","2012-05-01T00:00:00","TAVG","GHCND:USC00138339","1,7","17.3"
"","","","2012-05-01T00:00:00","TAVG","GHCND:USC00138568",",K","19.5"
"","","","2012-05-01T00:00:00","TAVG","GHCND:USC00138688",",7","19.2"
"","","","2012-05-01T00:00:00","TAVG","GHCND:USC00138693",",7","17.3"
"","","","2012-05-01T00:00:00","TAVG","GHCND:USC00138755","1,7","16.5"
"","","","2012-05-01T00:00:00","TAVG","GHCND:USC00138806",",7","17.5"
"","","","2012-05-01T00:00:00","TAVG","GHCND:USC00139067",",7","18.0"
"","","","2012-05-01T00:00:00","TAVG","GHCND:USC00139132",",7","18.1"
"","","","2012-05-01T00:00:00","TAVG","GHCND:USC00255810",",7","21.3"
"","","","2012-05-01T00:00:00","TAVG","GHCND:USC00474937",",7","18.7"
"","","","2012-05-01T00:00:00","TAVG","GHCND:USR0000INEA",",U","19.1"
"","","","2012-05-01T00:00:00","TAVG","GHCND:USW00014931",",X","19.8"
"","","","2012-05-01T00:00:00","TAVG","GHCND:USW00014933",",X","20.3"
"","","","2012-05-01T00:00:00","TAVG","GHCND:USW00014937",",W","19.1"
"","","","2012-05-01T00:00:00","TAVG","GHCND:USW00014940",",X","17.3"
"","","","2012-05-01T00:00:00","TAVG","GHCND:USW00014943",",X","18.7"
"","","","2012-05-01T00:00:00","TAVG","GHCND:USW00014950",",X","19.0"
"","","","2012-05-01T00:00:00","TAVG","GHCND:USW00014972",",W","17.4"
"","","","2012-05-01T00:00:00","TAVG","GHCND:USW00014990",",X","18.4"
"","","","2012-05-01T00:00:00","TAVG","GHCND:USW00054902","1,R","18.7"
"","","","2012-05-01T00:00:00","TAVG","GHCND:USW00094908",",X","17.4"
"","","","2012-05-01T00:00:00","TAVG","GHCND:USW00094910",",X","18.4"
"","","","2012-05-01T00:00:00","TAVG","GHCND:USW00094971",",W","17.3"
"","","","2012-05-01T00:00:00","TAVG","GHCND:USW00094982",",W","19.0"
"","","","2012-05-01T00:00:00","TAVG","GHCND:USW00094988",",W","18.8"
"","","","2012-05-01T00:00:00","TAVG","GHCND:USW00094989",",W","18.8"
"","","","2012-05-01T00:00:00","TAVG","GHCND:USW00094991",",W","19.0"
"","","","2012-06-01T00:00:00","TAVG","GHCND:USC00113455",",7","22.4"
"","","","2012-06-01T00:00:00","TAVG","GHCND:USC00114355",",7","21.6"
"","","","2012-06-01T00:00:00","TAVG","GHCND:USC00117391",",7","23.3"
"","","","2012-06-01T00:00:00","TAVG","GHCND:USC00130112",",7","22.2"
"","","","2012-06-01T00:00:00","TAVG","GHCND:USC00130133",",7","21.2"
"","","","2012-06-01T00:00:00","TAVG","GHCND:USC00130149","1,7","21.7"
"","","","2012-06-01T00:00:00","TAVG","GHCND:USC00130157",",7","21.9"
"","","","2012-06-01T00:00:00","TAVG","GHCND:USC00130200",",7","22.8"
"","","","2012-06-01T00:00:00","TAVG","GHCND:USC00130203",",7","21.2"
"","","","2012-06-01T00:00:00","TAVG","GHCND:USC00130364",",7","22.3"
"","","","2012-06-01T00:00:00","TAVG","GHCND:USC00130385","1,7","21.7"
"","","","2012-06-01T00:00:00","TAVG","GHCND:USC00130512","1,7","21.7"
"","","","2012-06-01T00:00:00","TAVG","GHCND:USC00130536",",7","21.9"
"","","","2012-06-01T00:00:00","TAVG","GHCND:USC00130576","2,7","23.0"
"","","","2012-06-01T00:00:00","TAVG","GHCND:USC00130600",",7","20.8"
"","","","2012-06-01T00:00:00","TAVG","GHCND:USC00130608",",7","21.1"
"","","","2012-06-01T00:00:00","TAVG","GHCND:USC00130753","1,7","22.3"
"","","","2012-06-01T00:00:00","TAVG","GHCND:USC00130807",",7","21.6"
"","","","2012-06-01T00:00:00","TAVG","GHCND:USC00131060",",7","22.4"
"","","","2012-06-01T00:00:00","TAVG","GHCND:USC00131233",",7","22.1"
"","","","2012-06-01T00:00:00","TAVG","GHCND:USC00131257",",7","21.0"
"","","","2012-06-01T00:00:00","TAVG","GHCND:USC00131277",",7","21.8"
"","","","2012-06-01T00:00:00","TAVG","GHCND:USC00131319",",7","24.6"
"","","","2012-06-01T00:00:00","TAVG","GHCND:USC00131354","3,7","22.5"
"","","","2012-06-01T00:00:00","TAVG","GHCND:USC00131402",",7","21.6"
"","","","2012-06-01T00:00:00","TAVG","GHCND:USC00131442",",7","21.4"
"","","","2012-06-01T00:00:00","TAVG","GHCND:USC00131533",",7","22.6"
"","","","2012-06-01T00:00:00","TAVG","GHCND:USC00131635",",7","22.8"
"","","","2012-06-01T00:00:00","TAVG","GHCND:USC00131954",",7","21.1"
"","","","2012-06-01T00:00:00","TAVG","GHCND:USC00131962",",7","21.7"
"","","","2012-06-01T00:00:00","TAVG","GHCND:USC00132041",",7","22.1"
"","","","2012-06-01T00:00:00","TAVG","GHCND:USC00132070",",7","22.0"
"","","","2012-06-01T00:00:00","TAVG","GHCND:USC00132110",",7","22.2"
"","","","2012-06-01T00:00:00","TAVG","GHCND:USC00132171",",7","21.3"
"","","","2012-06-01T00:00:00","TAVG","GHCND:USC00132209",",7","22.9"
"","","","2012-06-01T00:00:00","TAVG","GHCND:USC00132299",",7","22.5"
"","","","2012-06-01T00:00:00","TAVG","GHCND:USC00132364","1,7","22.2"
"","","","2012-06-01T00:00:00","TAVG","GHCND:USC00132573",",7","21.3"
"","","","2012-06-01T00:00:00","TAVG","GHCND:USC00132603",",7","19.8"
"","","","2012-06-01T00:00:00","TAVG","GHCND:USC00132689",",7","22.0"
"","","","2012-06-01T00:00:00","TAVG","GHCND:USC00132724","3,7","21.5"
"","","","2012-06-01T00:00:00","TAVG","GHCND:USC00132789",",7","23.0"
"","","","2012-06-01T00:00:00","TAVG","GHCND:USC00132864",",7","20.9"
"","","","2012-06-01T00:00:00","TAVG","GHCND:USC00132977","4,7","21.6"
"","","","2012-06-01T00:00:00","TAVG","GHCND:USC00132999","3,7","21.3"
"","","","2012-06-01T00:00:00","TAVG","GHCND:USC00133007",",7","23.9"
"","","","2012-06-01T00:00:00","TAVG","GHCND:USC00133288",",7","22.4"
"","","","2012-06-01T00:00:00","TAVG","GHCND:USC00133438",",K","22.6"
"","","","2012-06-01T00:00:00","TAVG","GHCND:USC00133473",",7","21.0"
"","","","2012-06-01T00:00:00","TAVG","GHCND:USC00133487",",7","21.8"
"","","","2012-06-01T00:00:00","TAVG","GHCND:USC00133509",",7","22.2"
"","","","2012-06-01T00:00:00","TAVG","GHCND:USC00133517",",7","22.6"
"","","","2012-06-01T00:00:00","TAVG","GHCND:USC00133584",",7","21.7"
"","","","2012-06-01T00:00:00","TAVG","GHCND:USC00133632",",7","21.7"
"","","","2012-06-01T00:00:00","TAVG","GHCND:USC00133718",",7","22.3"
"","","","2012-06-01T00:00:00","TAVG","GHCND:USC00133909",",7","22.3"
"","","","2012-06-01T00:00:00","TAVG","GHCND:USC00134063",",7","21.9"
"","","","2012-06-01T00:00:00","TAVG","GHCND:USC00134101",",K","23.4"
"","","","2012-06-01T00:00:00","TAVG","GHCND:USC00134142","2,7","20.6"
"","","","2012-06-01T00:00:00","TAVG","GHCND:USC00134228",",7","22.0"
"","","","2012-06-01T00:00:00","TAVG","GHCND:USC00134381",",7","23.1"
"","","","2012-06-01T00:00:00","TAVG","GHCND:USC00134389","1,7","22.8"
"","","","2012-06-01T00:00:00","TAVG","GHCND:USC00134502","3,7","22.9"
"","","","2012-06-01T00:00:00","TAVG","GHCND:USC00134561",",7","23.3"
"","","","2012-06-01T00:00:00","TAVG","GHCND:USC00134585",",7","22.7"
"","","","2012-06-01T00:00:00","TAVG","GHCND:USC00134705",",K","22.1"
"","","","2012-06-01T00:00:00","TAVG","GHCND:USC00134735",",7","22.4"
"","","","2012-06-01T00:00:00","TAVG","GHCND:USC00134758","1,7","21.4"
"","","","2012-06-01T00:00:00","TAVG","GHCND:USC00134874",",7","22.3"
"","","","2012-06-01T00:00:00","TAVG","GHCND:USC00134894",",7","22.3"
"","","","2012-06-01T00:00:00","TAVG","GHCND:USC00134963",",K","22.1"
"","","","2012-06-01T00:00:00","TAVG","GHCND:USC00135086",",7","21.2"
"","","","2012-06-01T00:00:00","TAVG","GHCND:USC00135123",",7","21.6"
"","","","2012-06-01T00:00:00","TAVG","GHCND:USC00135131",",7","20.6"
"","","","2012-06-01T00:00:00","TAVG","GHCND:USC00135198",",K","21.4"
"","","","2012-06-01T00:00:00","TAVG","GHCND:USC00135230",",7","20.9"
"","","","2012-06-01T00:00:00","TAVG","GHCND:USC00135493",",7","21.9"
"","","","2012-06-01T00:00:00","TAVG","GHCND:USC00135769",",7","21.9"
"","","","2012-06-01T00:00:00","TAVG","GHCND:USC00135796",",7","20.9"
"","","","2012-06-01T00:00:00","TAVG","GHCND:USC00135837",",K","23.5"
"","","","2012-06-01T00:00:00","TAVG","GHCND:USC00135844","1,K","21.8"
"","","","2012-06-01T00:00:00","TAVG","GHCND:USC00135952","1,7","20.6"
"","","","2012-06-01T00:00:00","TAVG","GHCND:USC00135992",",7","21.9"
"","","","2012-06-01T00:00:00","TAVG","GHCND:USC00136103","2,7","20.4"
"","","","2012-06-01T00:00:00","TAVG","GHCND:USC00136151",",7","22.4"
"","","","2012-06-01T00:00:00","TAVG","GHCND:USC00136199",",7","21.1"
"","","","2012-06-01T00:00:00","TAVG","GHCND:USC00136305",",7","21.3"
"","","","2012-06-01T00:00:00","TAVG","GHCND:USC00136316","2,7","21.9"
"","","","2012-06-01T00:00:00","TAVG","GHCND:USC00136327","3,7","21.9"
"","","","2012-06-01T00:00:00","TAVG","GHCND:USC00136719","1,7","22.1"
"","","","2012-06-01T00:00:00","TAVG","GHCND:USC00136766",",7","21.7"
"","","","2012-06-01T00:00:00","TAVG","GHCND:USC00136800",",7","23.0"
"","","","2012-06-01T00:00:00","TAVG","GHCND:USC00136910",",7","22.4"
"","","","2012-06-01T00:00:00","TAVG","GHCND:USC00136940",",7","23.1"
"","","","2012-06-01T00:00:00","TAVG","GHCND:USC00137147",",7","22.2"
"","","","2012-06-01T00:00:00","TAVG","GHCND:USC00137161",",7","21.8"
"","","","2012-06-01T00:00:00","TAVG","GHCND:USC00137312",",7","21.4"
"","","","2012-06-01T00:00:00","TAVG","GHCND:USC00137386",",7","21.7"
"","","","2012-06-01T00:00:00","TAVG","GHCND:USC00137594",",7","21.4"
"","","","2012-06-01T00:00:00","TAVG","GHCND:USC00137613",",7","23.7"
"","","","2012-06-01T00:00:00","TAVG","GHCND:USC00137664","2,7","21.0"
"","","","2012-06-01T00:00:00","TAVG","GHCND:USC00137669",",7","23.3"
"","","","2012-06-01T00:00:00","TAVG","GHCND:USC00137678","1,K","21.2"
"","","","2012-06-01T00:00:00","TAVG","GHCND:USC00137700",",7","23.3"
"","","","2012-06-01T00:00:00","TAVG","GHCND:USC00137702",",7","22.3"
"","","","2012-06-01T00:00:00","TAVG","GHCND:USC00137844",",7","21.8"
"","","","2012-06-01T00:00:00","TAVG","GHCND:USC00137859",",7","22.2"
"","","","2012-06-01T00:00:00","TAVG","GHCND:USC00137892",",7","20.7"
"","","","2012-06-01T00:00:00","TAVG","GHCND:USC00137979",",7","21.4"
"","","","2012-06-01T00:00:00","TAVG","GHCND:USC00138026","5,7","21.6"
"","","","2012-06-01T00:00:00","TAVG","GHCND:USC00138296",",7","21.2"
"","","","2012-06-01T00:00:00","TAVG","GHCND:USC00138339","2,7","21.0"
"","","","2012-06-01T00:00:00","TAVG","GHCND:USC00138568",",K","23.0"
"","","","2012-06-01T00:00:00","TAVG","GHCND:USC00138688","1,7","22.2"
"","","","2012-06-01T00:00:00","TAVG","GHCND:USC00138693",",7","21.9"
"","","","2012-06-01T00:00:00","TAVG","GHCND:USC00138755",",7","20.7"
"","","","2012-06-01T00:00:00","TAVG","GHCND:USC00138806",",7","21.3"
"","","","2012-06-01T00:00:00","TAVG","GHCND:USC00139067",",7","21.1"
"","","","2012-06-01T00:00:00","TAVG","GHCND:USC00139132",",7","21.6"
"","","","2012-06-01T00:00:00","TAVG","GHCND:USC00255810",",7","25.6"
"","","","2012-06-01T00:00:00","TAVG","GHCND:USC00474937",",7","22.9"
"","","","2012-06-01T00:00:00","TAVG","GHCND:USR0000IDES",",U","24.3"
"","","","2012-06-01T00:00:00","TAVG","GHCND:USR0000INEA",",U","22.9"
"","","","2012-06-01T00:00:00","TAVG","GHCND:USW00014931",",X","22.7"
"","","","2012-06-01T00:00:00","TAVG","GHCND:USW00014933",",X","24.3"
"","","","2012-06-01T00:00:00","TAVG","GHCND:USW00014937",",W","22.8"
"","","","2012-06-01T00:00:00","TAVG","GHCND:USW00014940",",X","21.4"
"","","","2012-06-01T00:00:00","TAVG","GHCND:USW00014943",",X","22.9"
"","","","2012-06-01T00:00:00","TAVG","GHCND:USW00014950",",X","22.4"
"","","","2012-06-01T00:00:00","TAVG","GHCND:USW00014972",",W","22.1"
"","","","2012-06-01T00:00:00","TAVG","GHCND:USW00014990",",X","22.0"
"","","","2012-06-01T00:00:00","TAVG","GHCND:USW00054902",",R","22.4"
"","","","2012-06-01T00:00:00","TAVG","GHCND:USW00094908","1,X","21.2"
"","","","2012-06-01T00:00:00","TAVG","GHCND:USW00094910",",X","22.1"
"","","","2012-06-01T00:00:00","TAVG","GHCND:USW00094971",",W","21.7"
"","","","2012-06-01T00:00:00","TAVG","GHCND:USW00094982",",W","22.1"
"","","","2012-06-01T00:00:00","TAVG","GHCND:USW00094988","1,W","22.6"
"","","","2012-06-01T00:00:00","TAVG","GHCND:USW00094989",",W","22.4"
"","","","2012-06-01T00:00:00","TAVG","GHCND:USW00094991","1,W","23.3"
"","","","2012-07-01T00:00:00","TAVG","GHCND:USC00113455",",7","27.3"
"","","","2012-07-01T00:00:00","TAVG","GHCND:USC00114355",",7","26.6"
"","","","2012-07-01T00:00:00","TAVG","GHCND:USC00117391","1,7","28.0"
"","","","2012-07-01T00:00:00","TAVG","GHCND:USC00130112",",7","27.6"
"","","","2012-07-01T00:00:00","TAVG","GHCND:USC00130133",",7","25.1"
"","","","2012-07-01T00:00:00","TAVG","GHCND:USC00130149",",7","27.6"
"","","","2012-07-01T00:00:00","TAVG","GHCND:USC00130157",",7","26.1"
"","","","2012-07-01T00:00:00","TAVG","GHCND:USC00130200",",7","26.4"
"","","","2012-07-01T00:00:00","TAVG","GHCND:USC00130203",",7","25.9"
"","","","2012-07-01T00:00:00","TAVG","GHCND:USC00130214",",7","25.8"
"","","","2012-07-01T00:00:00","TAVG","GHCND:USC00130364",",7","26.7"
"","","","2012-07-01T00:00:00","TAVG","GHCND:USC00130385","1,7","25.6"
"","","","2012-07-01T00:00:00","TAVG","GHCND:USC00130512",",7","25.6"
"","","","2012-07-01T00:00:00","TAVG","GHCND:USC00130536",",7","27.1"
"","","","2012-07-01T00:00:00","TAVG","GHCND:USC00130576",",7","28.4"
"","","","2012-07-01T00:00:00","TAVG","GHCND:USC00130600",",7","25.2"
"","","","2012-07-01T00:00:00","TAVG","GHCND:USC00130608",",7","26.8"
"","","","2012-07-01T00:00:00","TAVG","GHCND:USC00130753",",7","27.9"
"","","","2012-07-01T00:00:00","TAVG","GHCND:USC00130807","1,7","26.3"
"","","","2012-07-01T00:00:00","TAVG","GHCND:USC00131060","1,7","27.7"
"","","","2012-07-01T00:00:00","TAVG","GHCND:USC00131233",",7","26.7"
"","","","2012-07-01T00:00:00","TAVG","GHCND:USC00131257",",7","26.0"
"","","","2012-07-01T00:00:00","TAVG","GHCND:USC00131277",",7","26.8"
"","","","2012-07-01T00:00:00","TAVG","GHCND:USC00131402",",7","25.6"
"","","","2012-07-01T00:00:00","TAVG","GHCND:USC00131442","1,7","26.2"
"","","","2012-07-01T00:00:00","TAVG","GHCND:USC00131533",",7","26.7"
"","","","2012-07-01T00:00:00","TAVG","GHCND:USC00131635",",7","27.4"
"","","","2012-07-01T00:00:00","TAVG","GHCND:USC00131705","1,7","25.5"
"","","","2012-07-01T00:00:00","TAVG","GHCND:USC00131954",",7","25.6"
"","","","2012-07-01T00:00:00","TAVG","GHCND:USC00131962",",7","27.3"
"","","","2012-07-01T00:00:00","TAVG","GHCND:USC00132041",",7","26.2"
"","","","2012-07-01T00:00:00","TAVG","GHCND:USC00132070",",7","26.8"
"","","","2012-07-01T00:00:00","TAVG","GHCND:USC00132110",",7","26.1"
"","","","2012-07-01T00:00:00","TAVG","GHCND:USC00132171",",7","26.1"
"","","","2012-07-01T00:00:00","TAVG","GHCND:USC00132209",",7","27.6"
"","","","2012-07-01T00:00:00","TAVG","GHCND:USC00132299",",7","27.9"
"","","","2012-07-01T00:00:00","TAVG","GHCND:USC00132364","1,7","27.3"
"","","","2012-07-01T00:00:00","TAVG","GHCND:USC00132573",",7","26.0"
"","","","2012-07-01T00:00:00","TAVG","GHCND:USC00132603",",7","24.6"
"","","","2012-07-01T00:00:00","TAVG","GHCND:USC00132689",",7","25.9"
"","","","2012-07-01T00:00:00","TAVG","GHCND:USC00132789","4,7","28.1"
"","","","2012-07-01T00:00:00","TAVG","GHCND:USC00132864",",7","25.4"
"","","","2012-07-01T00:00:00","TAVG","GHCND:USC00132999",",7","25.2"
"","","","2012-07-01T00:00:00","TAVG","GHCND:USC00133007",",7","28.8"
"","","","2012-07-01T00:00:00","TAVG","GHCND:USC00133288",",7","27.6"
"","","","2012-07-01T00:00:00","TAVG","GHCND:USC00133438",",K","27.4"
"","","","2012-07-01T00:00:00","TAVG","GHCND:USC00133473",",7","25.6"
"","","","2012-07-01T00:00:00","TAVG","GHCND:USC00133487",",7","25.9"
"","","","2012-07-01T00:00:00","TAVG","GHCND:USC00133509",",7","26.7"
"","","","2012-07-01T00:00:00","TAVG","GHCND:USC00133517",",7","26.6"
"","","","2012-07-01T00:00:00","TAVG","GHCND:USC00133584",",7","25.9"
"","","","2012-07-01T00:00:00","TAVG","GHCND:USC00133632",",7","26.0"
"","","","2012-07-01T00:00:00","TAVG","GHCND:USC00133718",",7","26.9"
"","","","2012-07-01T00:00:00","TAVG","GHCND:USC00133909",",7","25.8"
"","","","2012-07-01T00:00:00","TAVG","GHCND:USC00134063",",7","27.4"
"","","","2012-07-01T00:00:00","TAVG","GHCND:USC00134101","2,7","28.0"
"","","","2012-07-01T00:00:00","TAVG","GHCND:USC00134142","1,7","25.5"
"","","","2012-07-01T00:00:00","TAVG","GHCND:USC00134228",",7","25.9"
"","","","2012-07-01T00:00:00","TAVG","GHCND:USC00134381","1,7","28.6"
"","","","2012-07-01T00:00:00","TAVG","GHCND:USC00134389",",7","28.2"
"","","","2012-07-01T00:00:00","TAVG","GHCND:USC00134502","1,7","28.3"
"","","","2012-07-01T00:00:00","TAVG","GHCND:USC00134561",",7","27.9"
"","","","2012-07-01T00:00:00","TAVG","GHCND:USC00134585",",7","28.3"
"","","","2012-07-01T00:00:00","TAVG","GHCND:USC00134705",",7","27.4"
"","","","2012-07-01T00:00:00","TAVG","GHCND:USC00134735",",7","26.6"
"","","","2012-07-01T00:00:00","TAVG","GHCND:USC00134758",",7","26.5"
"","","","2012-07-01T00:00:00","TAVG","GHCND:USC00134874",",7","27.1"
"","","","2012-07-01T00:00:00","TAVG","GHCND:USC00134894",",7","26.8"
"","","","2012-07-01T00:00:00","TAVG","GHCND:USC00134963",",7","26.7"
"","","","2012-07-01T00:00:00","TAVG","GHCND:USC00135086",",7","25.8"
"","","","2012-07-01T00:00:00","TAVG","GHCND:USC00135123",",7","26.3"
"","","","2012-07-01T00:00:00","TAVG","GHCND:USC00135131",",7","25.7"
"","","","2012-07-01T00:00:00","TAVG","GHCND:USC00135198",",7","26.0"
"","","","2012-07-01T00:00:00","TAVG","GHCND:USC00135230",",7","25.2"
"","","","2012-07-01T00:00:00","TAVG","GHCND:USC00135493","2,7","25.2"
"","","","2012-07-01T00:00:00","TAVG","GHCND:USC00135769",",7","26.8"
"","","","2012-07-01T00:00:00","TAVG","GHCND:USC00135796",",7","26.5"
"","","","2012-07-01T00:00:00","TAVG","GHCND:USC00135837",",7","27.9"
"","","","2012-07-01T00:00:00","TAVG","GHCND:USC00135844","1,7","26.9"
"","","","2012-07-01T00:00:00","TAVG","GHCND:USC00135952",",7","24.9"
"","","","2012-07-01T00:00:00","TAVG","GHCND:USC00135992","2,7","26.8"
"","","","2012-07-01T00:00:00","TAVG","GHCND:USC00136103","2,7","24.4"
"","","","2012-07-01T00:00:00","TAVG","GHCND:USC00136151",",7","26.5"
"","","","2012-07-01T00:00:00","TAVG","GHCND:USC00136199",",7","24.9"
"","","","2012-07-01T00:00:00","TAVG","GHCND:USC00136305",",7","25.5"
"","","","2012-07-01T00:00:00","TAVG","GHCND:USC00136316",",7","27.7"
"","","","2012-07-01T00:00:00","TAVG","GHCND:USC00136327",",7","27.3"
"","","","2012-07-01T00:00:00","TAVG","GHCND:USC00136566","1,7","27.0"
"","","","2012-07-01T00:00:00","TAVG","GHCND:USC00136719",",7","25.7"
"","","","2012-07-01T00:00:00","TAVG","GHCND:USC00136766",",7","25.6"
"","","","2012-07-01T00:00:00","TAVG","GHCND:USC00136800",",7","27.1"
"","","","2012-07-01T00:00:00","TAVG","GHCND:USC00136910","2,7","27.9"
"","","","2012-07-01T00:00:00","TAVG","GHCND:USC00136940",",7","27.5"
"","","","2012-07-01T00:00:00","TAVG","GHCND:USC00137147",",7","26.3"
"","","","2012-07-01T00:00:00","TAVG","GHCND:USC00137161",",7","26.0"
"","","","2012-07-01T00:00:00","TAVG","GHCND:USC00137312",",7","25.6"
"","","","2012-07-01T00:00:00","TAVG","GHCND:USC00137386","1,7","25.8"
"","","","2012-07-01T00:00:00","TAVG","GHCND:USC00137594",",7","25.3"
"","","","2012-07-01T00:00:00","TAVG","GHCND:USC00137613",",7","28.3"
"","","","2012-07-01T00:00:00","TAVG","GHCND:USC00137664","1,7","25.5"
"","","","2012-07-01T00:00:00","TAVG","GHCND:USC00137669",",7","27.8"
"","","","2012-07-01T00:00:00","TAVG","GHCND:USC00137678",",7","27.0"
"","","","2012-07-01T00:00:00","TAVG","GHCND:USC00137700",",7","26.5"
"","","","2012-07-01T00:00:00","TAVG","GHCND:USC00137702",",7","27.3"
"","","","2012-07-01T00:00:00","TAVG","GHCND:USC00137844",",7","26.1"
"","","","2012-07-01T00:00:00","TAVG","GHCND:USC00137859",",7","25.9"
"","","","2012-07-01T00:00:00","TAVG","GHCND:USC00137892",",7","25.1"
"","","","2012-07-01T00:00:00","TAVG","GHCND:USC00137979",",7","25.2"
"","","","2012-07-01T00:00:00","TAVG","GHCND:USC00138026","1,7","24.5"
"","","","2012-07-01T00:00:00","TAVG","GHCND:USC00138296",",7","25.9"
"","","","2012-07-01T00:00:00","TAVG","GHCND:USC00138339","1,7","25.7"
"","","","2012-07-01T00:00:00","TAVG","GHCND:USC00138568",",7","27.2"
"","","","2012-07-01T00:00:00","TAVG","GHCND:USC00138688",",7","27.1"
"","","","2012-07-01T00:00:00","TAVG","GHCND:USC00138806",",7","25.5"
"","","","2012-07-01T00:00:00","TAVG","GHCND:USC00139067",",7","26.2"
"","","","2012-07-01T00:00:00","TAVG","GHCND:USC00139132",",7","26.8"
"","","","2012-07-01T00:00:00","TAVG","GHCND:USC00255810",",7","30.3"
"","","","2012-07-01T00:00:00","TAVG","GHCND:USC00474937",",7","26.7"
"","","","2012-07-01T00:00:00","TAVG","GHCND:USR0000IDES",",U","28.6"
"","","","2012-07-01T00:00:00","TAVG","GHCND:USR0000INEA",",U","27.3"
"","","","2012-07-01T00:00:00","TAVG","GHCND:USW00014931",",X","27.3"
"","","","2012-07-01T00:00:00","TAVG","GHCND:USW00014933",",X","29.1"
"","","","2012-07-01T00:00:00","TAVG","GHCND:USW00014937",",W","27.8"
"","","","2012-07-01T00:00:00","TAVG","GHCND:USW00014940",",X","25.1"
"","","","2012-07-01T00:00:00","TAVG","GHCND:USW00014943",",X","26.8"
"","","","2012-07-01T00:00:00","TAVG","GHCND:USW00014950",",X","27.3"
"","","","2012-07-01T00:00:00","TAVG","GHCND:USW00014972",",W","25.9"
"","","","2012-07-01T00:00:00","TAVG","GHCND:USW00014990",",X","26.3"
"","","","2012-07-01T00:00:00","TAVG","GHCND:USW00054902",",R","26.7"
"","","","2012-07-01T00:00:00","TAVG","GHCND:USW00094908",",X","25.7"
"","","","2012-07-01T00:00:00","TAVG","GHCND:USW00094910",",X","26.3"
"","","","2012-07-01T00:00:00","TAVG","GHCND:USW00094971",",W","24.7"
"","","","2012-07-01T00:00:00","TAVG","GHCND:USW00094982",",W","26.3"
"","","","2012-07-01T00:00:00","TAVG","GHCND:USW00094988",",W","26.1"
"","","","2012-07-01T00:00:00","TAVG","GHCND:USW00094989",",W","26.1"
"","","","2012-07-01T00:00:00","TAVG","GHCND:USW00094991","1,W","28.3"
"","","","2012-08-01T00:00:00","TAVG","GHCND:USC00113455",",7","22.8"
"","","","2012-08-01T00:00:00","TAVG","GHCND:USC00114355","1,7","24.6"
"","","","2012-08-01T00:00:00","TAVG","GHCND:USC00117391",",7","23.6"
"","","","2012-08-01T00:00:00","TAVG","GHCND:USC00130112",",7","22.6"
"","","","2012-08-01T00:00:00","TAVG","GHCND:USC00130133",",7","20.7"
"","","","2012-08-01T00:00:00","TAVG","GHCND:USC00130157",",7","21.7"
"","","","2012-08-01T00:00:00","TAVG","GHCND:USC00130200",",7","22.3"
"","","","2012-08-01T00:00:00","TAVG","GHCND:USC00130203",",7","21.0"
"","","","2012-08-01T00:00:00","TAVG","GHCND:USC00130214",",7","20.9"
"","","","2012-08-01T00:00:00","TAVG","GHCND:USC00130364",",K","22.0"
"","","","2012-08-01T00:00:00","TAVG","GHCND:USC00130385","2,7","21.6"
"","","","2012-08-01T00:00:00","TAVG","GHCND:USC00130512",",7","21.2"
"","","","2012-08-01T00:00:00","TAVG","GHCND:USC00130536","2,7","22.2"
"","","","2012-08-01T00:00:00","TAVG","GHCND:USC00130576",",7","23.6"
"","","","2012-08-01T00:00:00","TAVG","GHCND:USC00130600","1,7","20.1"
"","","","2012-08-01T00:00:00","TAVG","GHCND:USC00130608",",7","21.1"
"","","","2012-08-01T00:00:00","TAVG","GHCND:USC00130753",",7","23.3"
"","","","2012-08-01T00:00:00","TAVG","GHCND:USC00130807",",7","21.9"
"","","","2012-08-01T00:00:00","TAVG","GHCND:USC00131060","1,7","23.0"
"","","","2012-08-01T00:00:00","TAVG","GHCND:USC00131233",",7","22.1"
"","","","2012-08-01T00:00:00","TAVG","GHCND:USC00131257",",7","20.7"
"","","","2012-08-01T00:00:00","TAVG","GHCND:USC00131277",",7","22.5"
"","","","2012-08-01T00:00:00","TAVG","GHCND:USC00131319",",7","22.5"
"","","","2012-08-01T00:00:00","TAVG","GHCND:USC00131402",",7","21.1"
"","","","2012-08-01T00:00:00","TAVG","GHCND:USC00131442",",7","21.5"
"","","","2012-08-01T00:00:00","TAVG","GHCND:USC00131533",",7","21.7"
"","","","2012-08-01T00:00:00","TAVG","GHCND:USC00131635",",7","22.4"
"","","","2012-08-01T00:00:00","TAVG","GHCND:USC00131705",",7","20.5"
"","","","2012-08-01T00:00:00","TAVG","GHCND:USC00131954",",7","20.3"
